experiment,subset,comparison,metric,n,mean_a,mean_b,mean_diff,ci_low,ci_high,p_value_bootstrap,p_value_wilcoxon,significant_005
Linear_VAR,N=10,Amortized_vs_KSG,MSE,3000,0.018054269778195638,0.01699546810616318,0.001058801672032458,0.00014341378200355306,0.0019444071492520849,0.018,0.8456565357300478,True
Linear_VAR,N=20,Amortized_vs_KSG,MSE,3000,0.011220533690158577,0.012027091186389439,-0.0008065574962308609,-0.0014201423564571627,-0.0001517490441330366,0.018,2.064452520918742e-07,True
Linear_VAR,N=30,Amortized_vs_KSG,MSE,3000,0.008581927504595964,0.009168542641093423,-0.0005866151364974597,-0.001043409700711662,-0.0001632621735365191,0.013,0.00016263524642359554,True
Linear_VAR,N=50,Amortized_vs_KSG,MSE,3000,0.006526830285497463,0.0064454282180412895,8.14020674561738e-05,-0.000235411480857536,0.0004064219273000133,0.649,0.5717871278557707,False
Linear_VAR,N=100,Amortized_vs_KSG,MSE,3000,0.004822506205892645,0.003490279573568323,0.0013322266323243224,0.0011184214086335073,0.001546722126352922,0.0,8.295227545683301e-19,True
Linear_VAR,N=200,Amortized_vs_KSG,MSE,3000,0.003917420730411449,0.001862394204005417,0.0020550265264060313,0.001874975273990648,0.002231387866331118,0.0,5.890382468488118e-72,True
Periodic_Coupling,N=10,Amortized_vs_KSG,MSE,1200,0.020952487229111732,0.029384407287286814,-0.008431920058175084,-0.01144922902756238,-0.0054515981289084406,0.0,7.99120816144057e-07,True
Periodic_Coupling,N=20,Amortized_vs_KSG,MSE,1200,0.015506148696894281,0.03164806086074911,-0.01614191216385483,-0.018608585044623732,-0.01370925767309207,0.0,1.42950537106853e-34,True
Periodic_Coupling,N=30,Amortized_vs_KSG,MSE,1200,0.011773148651037471,0.032616263815016526,-0.020843115163979055,-0.023024354471155205,-0.0186427344306534,0.0,1.5259117126730153e-56,True
Periodic_Coupling,N=50,Amortized_vs_KSG,MSE,1200,0.009205992110184996,0.038296274909404904,-0.029090282799219908,-0.03184014729200673,-0.026528411643652463,0.0,3.5524802549370276e-74,True
Periodic_Coupling,N=100,Amortized_vs_KSG,MSE,1200,0.007202192698552603,0.027896771520418303,-0.020694578821865695,-0.023209977624083274,-0.018239185904669945,0.0,2.91699628230545e-70,True
Periodic_Coupling,N=200,Amortized_vs_KSG,MSE,1200,0.005901458681217826,0.013885065857245997,-0.007983607176028171,-0.00960125125148676,-0.006560272147104219,0.0,2.9157198280328238e-34,True
Real_Fantasia_17,Heldout_Records,Adapted_s0_vs_KSG,TE_difference,17,0.04767058823529412,0.018005882352941177,0.029664705882352947,0.006606323529411764,0.051239852941176466,0.014,0.0031585693359375,True
