config_name,coupling_c,noise_std,n_samples,estimator,n_valid,n_failed,bias,variance,mse,ci_low,ci_high
c_0.0_noise_0.3,0.0,0.3,10,Amortized,200,0,-0.02032360851764654,0.003675431736084738,0.004070103640582869,-0.02872585183635134,-0.011921365198942187
c_0.0_noise_0.3,0.0,0.3,10,Binning,200,0,0.4474879512019137,0.027202598892194976,0.2273120523686203,0.42462952781968344,0.4703463745841435
c_0.0_noise_0.3,0.0,0.3,10,KSG,200,0,0.014754960317460496,0.0030604037673486457,0.0032628106024817365,0.007087872502439974,0.022422048132480575
c_0.0_noise_0.3,0.0,0.3,10,Symbolic,200,0,0.33324488555406395,0.020844658962831577,0.13179258941595862,0.3132352826255179,0.35325448848260954
c_0.0_noise_0.3,0.0,0.3,20,Amortized,200,0,-0.020653748750686426,0.0024502298561185163,0.0028645560442944044,-0.027514070541705234,-0.013793426959668061
c_0.0_noise_0.3,0.0,0.3,20,Binning,200,0,0.7161125967326837,0.016282006333231642,0.529017847500793,0.698428005200824,0.7337971882645429
c_0.0_noise_0.3,0.0,0.3,20,KSG,200,0,0.0032203353728318907,0.0028119532347030433,0.0028082640284430404,-0.004128950152454178,0.010569620898117516
c_0.0_noise_0.3,0.0,0.3,20,Symbolic,200,0,0.4880070233718508,0.01719784798964908,0.255262713609955,0.46983186823674433,0.5061821785069569
c_0.0_noise_0.3,0.0,0.3,30,Amortized,200,0,-0.01985327309370019,0.0018320527143419623,0.002217044903303293,-0.025785394850465056,-0.01392115133693577
c_0.0_noise_0.3,0.0,0.3,30,Binning,200,0,0.8290337694106088,0.014458832669694551,0.7016835293295085,0.8123686784141726,0.8456988604070446
c_0.0_noise_0.3,0.0,0.3,30,KSG,200,0,0.006969499297865397,0.003511930988502873,0.003542945254023304,-0.001243732126316367,0.015182730722046716
c_0.0_noise_0.3,0.0,0.3,30,Symbolic,200,0,0.5361779611845655,0.011989259651475745,0.29941611941325574,0.5210026621962242,0.5513532601729064
c_0.0_noise_0.3,0.0,0.3,50,Amortized,200,0,-0.017007781922816986,0.000987517320616262,0.0012718443799472812,-0.021363035382077317,-0.012652528463557097
c_0.0_noise_0.3,0.0,0.3,50,Binning,200,0,0.836902462760708,0.014276996689838947,0.7146113438813281,0.8203424943906165,0.8534624311307991
c_0.0_noise_0.3,0.0,0.3,50,KSG,200,0,0.00562299265918401,0.00239434334380332,0.002413989673529541,-0.0011586403998790637,0.012404625718246638
c_0.0_noise_0.3,0.0,0.3,50,Symbolic,200,0,0.49730522452024983,0.007883550003983317,0.25515661858909955,0.48499964739130064,0.5096108016491986
c_0.0_noise_0.3,0.0,0.3,100,Amortized,200,0,-0.02004325276613211,0.0005785112185157761,0.0009773506438702595,-0.023376725952652815,-0.01670977957961185
c_0.0_noise_0.3,0.0,0.3,100,Binning,200,0,0.6606063726741573,0.011021069085759866,0.44736674335803855,0.6460567096196642,0.67515603572865
c_0.0_noise_0.3,0.0,0.3,100,KSG,200,0,-0.002005077001561027,0.0016435021355490735,0.0016393049586535169,-0.007623652356544627,0.0036134983534221294
c_0.0_noise_0.3,0.0,0.3,100,Symbolic,200,0,0.3410914636196206,0.0023979608173243815,0.11872935756741274,0.3343047095074423,0.3478782177317985
c_0.0_noise_0.3,0.0,0.3,200,Amortized,200,0,-0.018592689037322724,0.0002460392701251155,0.0005904971594130705,-0.020766607688184384,-0.016418770386461508
c_0.0_noise_0.3,0.0,0.3,200,Binning,200,0,0.4180038276147586,0.004413232905964104,0.17911836664202313,0.40879679890524745,0.42721085632426936
c_0.0_noise_0.3,0.0,0.3,200,KSG,200,0,-0.00013482610462568878,0.000958635954688527,0.0009538609529935729,-0.0044259191376021505,0.004156266928350329
c_0.0_noise_0.3,0.0,0.3,200,Symbolic,200,0,0.18341827874580618,0.0006778767536973895,0.03431675234800315,0.1798098640405622,0.18702669345104972
c_0.0_noise_0.5,0.0,0.5,10,Amortized,200,0,-0.04069321322441099,0.007440694156341667,0.009059428288087338,-0.05264816422201072,-0.028738262226811258
c_0.0_noise_0.5,0.0,0.5,10,Binning,200,0,0.45280151680832,0.027107667576778783,0.23200134286281013,0.42998301381590687,0.4756200198007331
c_0.0_noise_0.5,0.0,0.5,10,KSG,200,0,0.01554861111111107,0.003599453829956977,0.0038232158682917593,0.007233666182501285,0.023863556039720856
c_0.0_noise_0.5,0.0,0.5,10,Symbolic,200,0,0.3478538587212143,0.02148149788375712,0.14237639742157682,0.3275408921394664,0.36816682530296224
c_0.0_noise_0.5,0.0,0.5,20,Amortized,200,0,-0.040419888198375664,0.005097350097475572,0.006705630708957384,-0.05031483138529244,-0.030524945011458884
c_0.0_noise_0.5,0.0,0.5,20,Binning,200,0,0.7151799200132979,0.016854835675369724,0.5282528794872201,0.6971869301657906,0.7331729098608052
c_0.0_noise_0.5,0.0,0.5,20,KSG,200,0,0.01268635822918927,0.0042587230908122916,0.0043983731604775485,0.0036419371239817897,0.021730779334396752
c_0.0_noise_0.5,0.0,0.5,20,Symbolic,200,0,0.492570561258102,0.017993661075079475,0.2605294505878258,0.47397964299325757,0.5111614795229464
c_0.0_noise_0.5,0.0,0.5,30,Amortized,200,0,-0.04581970191001889,0.0035389571966217563,0.005620707493761637,-0.05406447539585285,-0.03757492842418493
c_0.0_noise_0.5,0.0,0.5,30,Binning,200,0,0.8210098223116761,0.015810754988986996,0.689788829546292,0.8035830331114687,0.8384366115118834
c_0.0_noise_0.5,0.0,0.5,30,KSG,200,0,0.0057331538343229705,0.002642623519136359,0.00266227945442869,-0.0013914172092958088,0.01285772487794175
c_0.0_noise_0.5,0.0,0.5,30,Symbolic,200,0,0.5355307606254656,0.01078803950322628,0.29752729488179985,0.5211357384727222,0.5499257827782089
c_0.0_noise_0.5,0.0,0.5,50,Amortized,200,0,-0.05002831053733823,0.0018805408240624712,0.0043739699751625056,-0.05603842103121369,-0.04401820004346277
c_0.0_noise_0.5,0.0,0.5,50,Binning,200,0,0.8299356711116491,0.013126433641396014,0.7018540196567321,0.8140569892588021,0.8458143529644961
c_0.0_noise_0.5,0.0,0.5,50,KSG,200,0,-0.002476106804124297,0.002095691693475227,0.0020913443399132813,-0.008820714439610685,0.00386850083136209
c_0.0_noise_0.5,0.0,0.5,50,Symbolic,200,0,0.48918419443060174,0.00739579170824875,0.24665998883042434,0.47726537036393973,0.5011030184972638
c_0.0_noise_0.5,0.0,0.5,100,Amortized,200,0,-0.049223103344440425,0.0010442363474796744,0.003461929068599738,-0.05370168478976321,-0.04474452189911764
c_0.0_noise_0.5,0.0,0.5,100,Binning,200,0,0.6762549017799813,0.010539900063067622,0.4678078927442044,0.6620263951678521,0.6904834083921104
c_0.0_noise_0.5,0.0,0.5,100,KSG,200,0,0.00028094407056547673,0.0016435235019561065,0.0016353848140171117,-0.005337667806541972,0.005899555947672926
c_0.0_noise_0.5,0.0,0.5,100,Symbolic,200,0,0.3392240350241849,0.0022279412848801136,0.11728974751654515,0.33268230007082755,0.34576576997754227
c_0.0_noise_0.5,0.0,0.5,200,Amortized,200,0,-0.04788382565975187,0.0005418869665920192,0.0028320382915725706,-0.05111005641007019,-0.04465759490943355
c_0.0_noise_0.5,0.0,0.5,200,Binning,200,0,0.4280270250438247,0.004754472566633146,0.18793783437166695,0.4184706706625824,0.43758337942506703
c_0.0_noise_0.5,0.0,0.5,200,KSG,200,0,0.00038908494861929156,0.00084246624712676,0.0008384053029883683,-0.0036336121161384817,0.004411782013377065
c_0.0_noise_0.5,0.0,0.5,200,Symbolic,200,0,0.17961506556849685,0.0007840435629035814,0.033041695124264484,0.17573435574215684,0.18349577539483686
c_0.0_noise_1.0,0.0,1.0,10,Amortized,200,0,-0.07014434772729826,0.02087246806231742,0.025688335240093965,-0.09016729372785,-0.05012140172674741
c_0.0_noise_1.0,0.0,1.0,10,Binning,200,0,0.4309484979355169,0.025999253867808485,0.2115858654713476,0.4086013802624727,0.45329561560856024
c_0.0_noise_1.0,0.0,1.0,10,KSG,200,0,0.017728174603175006,0.0029452901752083653,0.003244851899092983,0.010206663206825933,0.02524968599952319
c_0.0_noise_1.0,0.0,1.0,10,Symbolic,200,0,0.3368966706264299,0.023180673679027486,0.13656413698980555,0.3157956189932345,0.35799772225962445
c_0.0_noise_1.0,0.0,1.0,20,Amortized,200,0,-0.09039305469393684,0.012448210977622897,0.020556874259635836,-0.10585608274339062,-0.07493002664448395
c_0.0_noise_1.0,0.0,1.0,20,Binning,200,0,0.7246920539647813,0.01731788863383294,0.5424098722703573,0.7064535780175241,0.7429305299120377
c_0.0_noise_1.0,0.0,1.0,20,KSG,200,0,0.014024424263172915,0.003705418276051356,0.003883575660584573,0.005587975114010577,0.022460873412334364
c_0.0_noise_1.0,0.0,1.0,20,Symbolic,200,0,0.5159715779320897,0.015737131191841076,0.28188511476961237,0.49858541055877537,0.5333577453054031
c_0.0_noise_1.0,0.0,1.0,30,Amortized,200,0,-0.09683834272623015,0.007025071127698103,0.01636761039402242,-0.10845460573206966,-0.08522207972039153
c_0.0_noise_1.0,0.0,1.0,30,Binning,200,0,0.8185972064796586,0.015878065287780307,0.6859000614176423,0.801133361598084,0.8360610513612323
c_0.0_noise_1.0,0.0,1.0,30,KSG,200,0,0.007481669300320258,0.002833443769500901,0.0028752519261727514,0.00010435353341832487,0.014858985067221303
c_0.0_noise_1.0,0.0,1.0,30,Symbolic,200,0,0.5440161992323175,0.013376989715271258,0.3092637297938715,0.5279866883710671,0.560045710093567
c_0.0_noise_1.0,0.0,1.0,50,Amortized,200,0,-0.08454392707347821,0.004305222081138272,0.011431371575738182,-0.09363759001722712,-0.0754502641297302
c_0.0_noise_1.0,0.0,1.0,50,Binning,200,0,0.8503317579519296,0.013454190681061967,0.7364510183092756,0.8342560590681531,0.8664074568357052
c_0.0_noise_1.0,0.0,1.0,50,KSG,200,0,0.0006105497141917543,0.002249391006758515,0.002238516822678222,-0.005962600402595736,0.007183699830978356
c_0.0_noise_1.0,0.0,1.0,50,Symbolic,200,0,0.4985544677940095,0.007143230481971814,0.25566407168693006,0.4868409213157765,0.5102680142722417
c_0.0_noise_1.0,0.0,1.0,100,Amortized,200,0,-0.08500500041246367,0.0020820985621584098,0.009297538164470565,-0.09132899829212368,-0.07868100253280455
c_0.0_noise_1.0,0.0,1.0,100,Binning,200,0,0.6745188295351379,0.00864911640301046,0.46358152221844784,0.6616296003933685,0.6874080586769064
c_0.0_noise_1.0,0.0,1.0,100,KSG,200,0,-0.0021715926961801855,0.0019040109151129674,0.0018992066753755058,-0.008219091489689388,0.0038759060973281283
c_0.0_noise_1.0,0.0,1.0,100,Symbolic,200,0,0.34069075743968485,0.002028780678808499,0.1180888289802406,0.33444825639614795,0.3469332584832209
c_0.0_noise_1.0,0.0,1.0,200,Amortized,200,0,-0.09225516450405075,0.0011317895169945821,0.009637145947079071,-0.09691771885144833,-0.08759261015665405
c_0.0_noise_1.0,0.0,1.0,200,Binning,200,0,0.4313360024568836,0.0046464700162589,0.19067398468166225,0.42188881260633493,0.44078319230743135
c_0.0_noise_1.0,0.0,1.0,200,KSG,200,0,-0.002181912865157719,0.0008491103771265014,0.0008496255689920096,-0.00622044132535822,0.0018566155950418932
c_0.0_noise_1.0,0.0,1.0,200,Symbolic,200,0,0.17676653633904485,0.0007153783861879218,0.03195820986355984,0.17305965246685504,0.18047342021123378
c_0.2_noise_0.3,0.2,0.3,10,Amortized,200,0,-0.014759315640895602,0.0036484129469123204,0.0038480082803653438,0.0024357498822810877,0.019178356117188704
c_0.2_noise_0.3,0.2,0.3,10,Binning,200,0,0.4324047174079119,0.023144346593776472,0.21000246449742377,0.4368865749237082,0.47905559717337665
c_0.2_noise_0.3,0.2,0.3,10,KSG,200,0,-0.008218948005709908,0.0021854769263535473,0.002242100648042343,0.010868328044024938,0.02382651322581624
c_0.2_noise_0.3,0.2,0.3,10,Symbolic,200,0,0.29452408756592446,0.025838199227894598,0.11245344638829549,0.2978126616395562,0.3423682507735537
c_0.2_noise_0.3,0.2,0.3,20,Amortized,200,0,-0.004623616934984018,0.0023148134123248806,0.0023246171788247273,0.014274698314743234,0.02761080509654973
c_0.2_noise_0.3,0.2,0.3,20,Binning,200,0,0.676934920654167,0.017645963088269018,0.475798620073891,0.6840908667304056,0.7209117118591896
c_0.2_noise_0.3,0.2,0.3,20,KSG,200,0,-0.0028303683320294107,0.0038847259122420184,0.003873313267575763,0.014097839895507067,0.03137416072169511
c_0.2_noise_0.3,0.2,0.3,20,Symbolic,200,0,0.47238743800383803,0.01733550851896754,0.24039872256020267,0.4797060547930122,0.5162015584959249
c_0.2_noise_0.3,0.2,0.3,30,Amortized,200,0,-0.0019616572272470323,0.0020227404760941067,0.0020164748727908473,0.017371510063770607,0.029837912762996327
c_0.2_noise_0.3,0.2,0.3,30,Binning,200,0,0.7938344983587289,0.01422176118245695,0.6443238631609997,0.8028729636600779,0.835928770338641
c_0.2_noise_0.3,0.2,0.3,30,KSG,200,0,-0.005964348163738628,0.004460588463925295,0.00447385897062396,0.01034572622837767,0.02885831472540607
c_0.2_noise_0.3,0.2,0.3,30,Symbolic,200,0,0.5146444135763901,0.014482389800538264,0.279268850276922,0.5235321209011733,0.5568894435328678
c_0.2_noise_0.3,0.2,0.3,50,Amortized,200,0,-0.0003053177010705829,0.001075209880997022,0.0010699270504906239,0.02071653431023719,0.029805567568882644
c_0.2_noise_0.3,0.2,0.3,50,Binning,200,0,0.81224304713188,0.014319523069950378,0.673986693068682,0.8212248024478771,0.8543940290971438
c_0.2_noise_0.3,0.2,0.3,50,KSG,200,0,0.004361105105353553,0.002804427134254198,0.0028094242363228676,0.022588029870951376,0.03726691762101673
c_0.2_noise_0.3,0.2,0.3,50,Symbolic,200,0,0.48129128515356917,0.00711112311819632,0.23871686866737968,0.49517046196492287,0.5185448456234765
c_0.2_noise_0.3,0.2,0.3,100,Amortized,200,0,0.003442183791429694,0.0004996227219807849,0.0005089732376248622,0.025910689742429337,0.032106415121691045
c_0.2_noise_0.3,0.2,0.3,100,Binning,200,0,0.6467991322886759,0.009933697355896496,0.4282331463985012,0.6585522298173627,0.6861787720412502
c_0.2_noise_0.3,0.2,0.3,100,KSG,200,0,-0.004349586241908673,0.0018591270119206833,0.0018687502773368813,0.015240988589948594,0.02719257620749506
c_0.2_noise_0.3,0.2,0.3,100,Symbolic,200,0,0.32071045965174977,0.002673503518161399,0.1055153349306072,0.3391107515709905,0.35344290501377
c_0.2_noise_0.3,0.2,0.3,200,Amortized,200,0,0.0033802232134649383,0.0003332877912888986,0.00034304726130530137,0.026416415596385877,0.031476768111805
c_0.2_noise_0.3,0.2,0.3,200,Binning,200,0,0.40928674337151716,0.004601876355375677,0.1720945052732609,0.4254513653109194,0.4442548587133759
c_0.2_noise_0.3,0.2,0.3,200,KSG,200,0,-0.0014850953849037639,0.0014287867097366328,0.0014238482844902123,0.018842558230014683,0.029319988281438787
c_0.2_noise_0.3,0.2,0.3,200,Symbolic,200,0,0.16660795098137393,0.0008115210932063309,0.028565672817952192,0.18822619384408054,0.19612244539992832
c_0.2_noise_0.5,0.2,0.5,10,Amortized,200,0,-0.01343972802278316,0.00890139200514307,0.009037511334443736,-0.0009492126099456943,0.02520249384564057
c_0.2_noise_0.5,0.2,0.5,10,Binning,200,0,0.41957156441505417,0.022188681761279996,0.19811803601816955,0.4244933163416194,0.46578254976975014
c_0.2_noise_0.5,0.2,0.5,10,KSG,200,0,-0.005623114672376684,0.0030985569145488066,0.0031146835485947604,0.012228522526741937,0.027657985409765894
c_0.2_noise_0.5,0.2,0.5,10,Symbolic,200,0,0.3114667235114338,0.01818958259248148,0.11511015453446699,0.31834123557128613,0.35572494873284266
c_0.2_noise_0.5,0.2,0.5,20,Amortized,200,0,-0.012262137116163148,0.003999115776835718,0.004129480204607126,0.00453981392593528,0.022068649122999624
c_0.2_noise_0.5,0.2,0.5,20,Binning,200,0,0.6966278248207172,0.015098919275738197,0.5003137509938032,0.7051642186684016,0.7392241682542938
c_0.2_noise_0.5,0.2,0.5,20,KSG,200,0,-0.007819073532702583,0.003716511944169232,0.003759067295358196,0.009298226435961702,0.02619636377989433
c_0.2_noise_0.5,0.2,0.5,20,Symbolic,200,0,0.4624389206774925,0.016097334080963657,0.22986660276792303,0.4704212740477945,0.5055893045884517
c_0.2_noise_0.5,0.2,0.5,30,Amortized,200,0,-0.018513380707471744,0.00407657636298712,0.0043989387463919715,-0.0017959034539165118,0.015901879320234222
c_0.2_noise_0.5,0.2,0.5,30,Binning,200,0,0.8071315459655487,0.014073756630294252,0.6654647203398794,0.8162562383730608,0.8491395908392977
c_0.2_noise_0.5,0.2,0.5,30,KSG,200,0,-0.004166435451390015,0.005050810693191412,0.005042915824096055,0.011550264575788626,0.031249601802692543
c_0.2_noise_0.5,0.2,0.5,30,Symbolic,200,0,0.5033465947658069,0.013131477360508228,0.2664236144360391,0.5130312312231823,0.5447946955896926
c_0.2_noise_0.5,0.2,0.5,50,Amortized,200,0,-0.012535704077451594,0.002165783181723884,0.002312098142532701,0.006580830196735759,0.019480498929622253
c_0.2_noise_0.5,0.2,0.5,50,Binning,200,0,0.8262899158768996,0.014587792286966422,0.6972698784053856,0.8351170397840288,0.8685955292510315
c_0.2_noise_0.5,0.2,0.5,50,KSG,200,0,0.006213194749524909,0.0029766982128709434,0.0030004185108021123,0.02421805432960251,0.0393410724507085
c_0.2_noise_0.5,0.2,0.5,50,Symbolic,200,0,0.47678570275331916,0.006587883392785874,0.23387955032579832,0.49110306858442787,0.5136010742034717
c_0.2_noise_0.5,0.2,0.5,100,Amortized,200,0,-0.013090569556920902,0.0012313457668430196,0.0013965520493333886,0.007612498816450775,0.017339099350968622
c_0.2_noise_0.5,0.2,0.5,100,Binning,200,0,0.6435320730274018,0.012097299542524184,0.4261703420597568,0.6538549207619948,0.6843419625740699
c_0.2_noise_0.5,0.2,0.5,100,KSG,200,0,-0.003232402682295424,0.002083103633416314,0.0020831365423497426,0.016008441901732392,0.02865949001493796
c_0.2_noise_0.5,0.2,0.5,100,Symbolic,200,0,0.31335240303287043,0.0023310386123574197,0.10050911190577011,0.33222738992784034,0.34561015341916174
c_0.2_noise_0.5,0.2,0.5,200,Amortized,200,0,-0.011738910258977766,0.0004939060710856159,0.0006292385547985213,0.010747369452187888,0.01690754731111778
c_0.2_noise_0.5,0.2,0.5,200,Binning,200,0,0.41766824374651906,0.003827301633463229,0.1782549269595976,0.4346605346072621,0.45180869016703723
c_0.2_noise_0.5,0.2,0.5,200,KSG,200,0,-0.003436796199243513,0.0012655590516155515,0.0012710428244726082,0.01719917101113503,0.027059973871639144
c_0.2_noise_0.5,0.2,0.5,200,Symbolic,200,0,0.16359260885457685,0.0008391637413485854,0.027597509594488413,0.18514417274979036,0.19317378224062456
c_0.2_noise_1.0,0.2,1.0,10,Amortized,200,0,-0.03556273651239211,0.01948827892916482,0.020655545762768818,-0.02934399981139149,0.009351264067868863
c_0.2_noise_1.0,0.2,1.0,10,Binning,200,0,0.4066060332869744,0.024758683735683542,0.18996335662237324,0.41036495372303505,0.45397985013217534
c_0.2_noise_1.0,0.2,1.0,10,KSG,200,0,-0.0040312495930118,0.00305840712407939,0.0030593660617401507,0.013870532689613965,0.029199705405624037
c_0.2_noise_1.0,0.2,1.0,10,Symbolic,200,0,0.30307377102906496,0.02304313553660168,0.11478163054469674,0.307601780717842,0.3496784986215495
c_0.2_noise_1.0,0.2,1.0,20,Amortized,200,0,-0.030967090399234825,0.0104433254418729,0.011350069502457916,-0.01956389213417653,0.008762448616968482
c_0.2_noise_1.0,0.2,1.0,20,Binning,200,0,0.6933410839056734,0.015671081318005674,0.49631458454290966,0.7015578090353771,0.7362570960572312
c_0.2_noise_1.0,0.2,1.0,20,KSG,200,0,-0.009009699064291925,0.003595174956099222,0.0036583737585478295,0.008246668339470504,0.024866670813207245
c_0.2_noise_1.0,0.2,1.0,20,Symbolic,200,0,0.4666296926557139,0.01750274279123718,0.23515849914524697,0.4738605033955312,0.5105316191971582
c_0.2_noise_1.0,0.2,1.0,30,Amortized,200,0,-0.022494196386306835,0.006361295410519138,0.0068354778045322815,-0.00798168509255959,0.014126029601207523
c_0.2_noise_1.0,0.2,1.0,30,Binning,200,0,0.78725536011279,0.016583342329675402,0.6362714276443455,0.7949742404296144,0.8306692170772271
c_0.2_noise_1.0,0.2,1.0,30,KSG,200,0,0.0009463967764050327,0.0037238319031923733,0.0037061084105348015,0.01805538028943764,0.034970150544634024
c_0.2_noise_1.0,0.2,1.0,30,Symbolic,200,0,0.5265775900756547,0.01320828140329552,0.29042619836616335,0.5362158493120122,0.5680720681205589
c_0.2_noise_1.0,0.2,1.0,50,Amortized,200,0,-0.022854609252183997,0.004357792611986601,0.004858336812996683,-0.006437255885944132,0.011860774662837739
c_0.2_noise_1.0,0.2,1.0,50,Binning,200,0,0.8099895641298918,0.013832074072608166,0.6698460077015773,0.8192560407835596,0.8518558247574854
c_0.2_noise_1.0,0.2,1.0,50,KSG,200,0,-0.0022717196259128443,0.0032742708142958683,0.0032630601702831464,0.015364189141482671,0.03122510888795324
c_0.2_noise_1.0,0.2,1.0,50,Symbolic,200,0,0.4808426748443728,0.007015371778426818,0.23818997287102595,0.49480080239860197,0.5180172845714052
c_0.2_noise_1.0,0.2,1.0,100,Amortized,200,0,-0.022732180060117787,0.0028356011772162943,0.0033381751816158297,-0.004545935226847578,0.010214312387873604
c_0.2_noise_1.0,0.2,1.0,100,Binning,200,0,0.6518929750649683,0.01099031800786489,0.435899817356881,0.6629299931249617,0.6919886942862365
c_0.2_noise_1.0,0.2,1.0,100,KSG,200,0,0.0017146525111162367,0.001872271329691613,0.0018658500062770323,0.021284139653775236,0.03327790264971884
c_0.2_noise_1.0,0.2,1.0,100,Symbolic,200,0,0.31679078059897636,0.002300053382812823,0.10264495178840757,0.33571038872210174,0.34900390975711254
c_0.2_noise_1.0,0.2,1.0,200,Amortized,200,0,-0.02942993307229811,0.0011460718168942066,0.0020064624184496817,-0.00855544544666587,0.0008283165833312509
c_0.2_noise_1.0,0.2,1.0,200,Binning,200,0,0.3986791903384702,0.0041688614436542525,0.1630931139453741,0.415297068010803,0.43319404994739896
c_0.2_noise_1.0,0.2,1.0,200,KSG,200,0,-0.0010468212978340316,0.0014473976834232154,0.0014412565298356982,0.019246823691476407,0.02979227099411713
c_0.2_noise_1.0,0.2,1.0,200,Symbolic,200,0,0.1679840918823383,0.0008570841205517482,0.029071453825482863,0.18949301406151603,0.19760790698442215
c_0.4_noise_0.3,0.4,0.3,10,Amortized,200,0,-0.03359041168688496,0.00456313225255111,0.005668632348582772,0.049100017451984376,0.0678241883876495
c_0.4_noise_0.3,0.4,0.3,10,Binning,200,0,0.36651224045079234,0.02096330214400981,0.15518970803354917,0.43849828781529787,0.4786312222996906
c_0.4_noise_0.3,0.4,0.3,10,KSG,200,0,-0.054326522543209896,0.0035830845807125183,0.006516540209446848,0.029429975632316974,0.04602200849466703
c_0.4_noise_0.3,0.4,0.3,10,Symbolic,200,0,0.22175297701694174,0.02531519806520038,0.07436300489075066,0.29175431649766975,0.3358566667496175
c_0.4_noise_0.3,0.4,0.3,20,Amortized,200,0,-0.0272154235780116,0.0023934254637228507,0.0031221376169348262,0.05805675797586845,0.07161742408151216
c_0.4_noise_0.3,0.4,0.3,20,Binning,200,0,0.6211074463805328,0.016853115856158837,0.4025433102262243,0.6951678891397488,0.7311520328347207
c_0.4_noise_0.3,0.4,0.3,20,KSG,200,0,-0.03524589946724027,0.0060084445415219566,0.0072206757480691545,0.04606370106768605,0.0675495292112372
c_0.4_noise_0.3,0.4,0.3,20,Symbolic,200,0,0.42505128055115043,0.01518159874766064,0.19577428185209514,0.500027257196513,0.5341803331191917
c_0.4_noise_0.3,0.4,0.3,30,Amortized,200,0,-0.023547748202073185,0.00208138833963772,0.0026254778433277724,0.06218184720320274,0.0748276856060547
c_0.4_noise_0.3,0.4,0.3,30,Binning,200,0,0.7181924398369032,0.0133371708501556,0.5290708656347887,0.7942393186333728,0.8262505902538374
c_0.4_noise_0.3,0.4,0.3,30,KSG,200,0,-0.03220459740608526,0.005657878568611934,0.006666725269856906,0.04942311353119926,0.07027272087003401
c_0.4_noise_0.3,0.4,0.3,30,Symbolic,200,0,0.4495232075873771,0.011184628533018704,0.21319981954999775,0.52691849377728,0.5562329506108781
c_0.4_noise_0.3,0.4,0.3,50,Amortized,200,0,-0.018205247634636948,0.0010312284529978685,0.0013575033521713337,0.06939666744782295,0.07829786649630695
c_0.4_noise_0.3,0.4,0.3,50,Binning,200,0,0.7495089400895361,0.013041139342693964,0.5747395849201201,0.8257344459929339,0.8573884633995421
c_0.4_noise_0.3,0.4,0.3,50,KSG,200,0,-0.01943899375168183,0.004174629759401308,0.004531631088682226,0.0636588411612186,0.08156820054882154
c_0.4_noise_0.3,0.4,0.3,50,Symbolic,200,0,0.4170622779789645,0.0064126552135611884,0.18032153565049647,0.49801640165084693,0.5202131835204858
c_0.4_noise_0.3,0.4,0.3,100,Amortized,200,0,-0.013368912750470266,0.0006418373244446551,0.0008173559659521179,0.07517241810599398,0.08219478560646928
c_0.4_noise_0.3,0.4,0.3,100,Binning,200,0,0.588352401796668,0.008427652641076241,0.3545440630777788,0.6676817740269838,0.6931280587797561
c_0.4_noise_0.3,0.4,0.3,100,KSG,200,0,-0.0044432428998448514,0.003587896428166392,0.0035896993534925816,0.07930768664180952,0.09591085677190457
c_0.4_noise_0.3,0.4,0.3,100,Symbolic,200,0,0.2630933279754134,0.002184898008850211,0.0713920727439844,0.34866760818113884,0.36162407698309174
c_0.4_noise_0.3,0.4,0.3,200,Amortized,200,0,-0.015360437327611068,0.00033144143855612357,0.0005657272662588106,0.07416891910890291,0.07921523544927875
c_0.4_noise_0.3,0.4,0.3,200,Binning,200,0,0.35282364918844134,0.004224626939893906,0.12868803123184278,0.43586802113078216,0.4538843064595043
c_0.4_noise_0.3,0.4,0.3,200,KSG,200,0,-0.00749531185932735,0.001848095944964098,0.001895035165107851,0.07859916389966044,0.09051524159508866
c_0.4_noise_0.3,0.4,0.3,200,Symbolic,200,0,0.12408278135551824,0.0010960633428707327,0.01648711965507773,0.21154692101134037,0.2207236709130999
c_0.4_noise_0.5,0.4,0.5,10,Amortized,200,0,-0.04848736944197356,0.010511129473911213,0.012809598821944088,0.029356071481518302,0.05777421884793799
c_0.4_noise_0.5,0.4,0.5,10,Binning,200,0,0.3638178257302613,0.025694249705614767,0.15792918877618142,0.4336546893596576,0.4780859913142684
c_0.4_noise_0.5,0.4,0.5,10,KSG,200,0,-0.06321937968606683,0.003991753205709507,0.00796848440757204,0.0200767889033016,0.03758948093796814
c_0.4_noise_0.5,0.4,0.5,10,Symbolic,200,0,0.24479333964455896,0.019428674348923723,0.07925531011151547,0.3175278321761587,0.35616387632636265
c_0.4_noise_0.5,0.4,0.5,20,Amortized,200,0,-0.02491283904908835,0.004839292021783444,0.005435745111160308,0.057498455657911014,0.0767808954573157
c_0.4_noise_0.5,0.4,0.5,20,Binning,200,0,0.6176363022552483,0.01709053448982783,0.3984796836809153,0.6915704563820222,0.7278071773418779
c_0.4_noise_0.5,0.4,0.5,20,KSG,200,0,-0.03485642523747947,0.005693875968865838,0.0068803769693575045,0.04673817515987939,0.06765400357856508
c_0.4_noise_0.5,0.4,0.5,20,Symbolic,200,0,0.413722268589527,0.015181639849965725,0.18627184717758064,0.48869822211859537,0.522851344273862
c_0.4_noise_0.5,0.4,0.5,30,Amortized,200,0,-0.026364228540646434,0.0028929364378662025,0.0035735443022203075,0.058233923377096944,0.0731426487550136
c_0.4_noise_0.5,0.4,0.5,30,Binning,200,0,0.7104017954174925,0.014581304141913226,0.5191791085536006,0.7857187882230112,0.8191898318253772
c_0.4_noise_0.5,0.4,0.5,30,KSG,200,0,-0.024913992032173926,0.005924434178252596,0.00651551900634056,0.05647097685417224,0.07780606829488332
c_0.4_noise_0.5,0.4,0.5,30,Symbolic,200,0,0.43887383816431236,0.013741433363219738,0.20628297202147866,0.5146799546458688,0.5471727508961594
c_0.4_noise_0.5,0.4,0.5,50,Amortized,200,0,-0.028827186697708965,0.0022812099323188118,0.0031008105755617865,0.05660585055953533,0.06984480525845016
c_0.4_noise_0.5,0.4,0.5,50,Binning,200,0,0.7434689714665091,0.013724885823073166,0.5664023729274268,0.819284872913762,0.8517580992326598
c_0.4_noise_0.5,0.4,0.5,50,KSG,200,0,-0.02435359473785434,0.004302057698926626,0.004873644987087639,0.05860859950700188,0.07678924023069285
c_0.4_noise_0.5,0.4,0.5,50,Symbolic,200,0,0.40957141414035203,0.0076813063399845585,0.17539164308921237,0.4894772200496978,0.5137706374444098
c_0.4_noise_0.5,0.4,0.5,100,Amortized,200,0,-0.01849357658027352,0.0010690294060166777,0.0014056966337170351,0.06902750151790593,0.07809037453495044
c_0.4_noise_0.5,0.4,0.5,100,Binning,200,0,0.5936862874139791,0.007663189258878869,0.36008828117597824,0.6736064263553568,0.6978711776860048
c_0.4_noise_0.5,0.4,0.5,100,KSG,200,0,-0.0037799911751350973,0.002986546125055796,0.0029859017277146164,0.08069851669998314,0.09584653016315008
c_0.4_noise_0.5,0.4,0.5,100,Symbolic,200,0,0.2722233322156439,0.002335342760681355,0.07642920864946674,0.35757829027184396,0.37097340337284723
c_0.4_noise_0.5,0.4,0.5,200,Amortized,200,0,-0.017900696510064026,0.0006095084455768249,0.0009268958388943593,0.07073020470195972,0.07757343149131564
c_0.4_noise_0.5,0.4,0.5,200,Binning,200,0,0.35912873615076846,0.00482324936391201,0.13377258224634067,0.44155602484936696,0.4608064766655734
c_0.4_noise_0.5,0.4,0.5,200,KSG,200,0,-0.002371448901850745,0.0019962837199538576,0.0019919260712481773,0.08348876260399472,0.0958733688057072
c_0.4_noise_0.5,0.4,0.5,200,Symbolic,200,0,0.12540393803114153,0.001055676862438129,0.01677654615184433,0.21295340465078919,0.2219595006248973
c_0.4_noise_1.0,0.4,1.0,10,Amortized,200,0,-0.03566230031250675,0.019258617737158524,0.020434124312052156,0.03715692207743358,0.07562350651095671
c_0.4_noise_1.0,0.4,1.0,10,Binning,200,0,0.3597039497789913,0.02533284229035145,0.15459310956550676,0.4296976059675186,0.47381532280386773
c_0.4_noise_1.0,0.4,1.0,10,KSG,200,0,-0.06030469714638449,0.003763068116747444,0.00738090927408086,0.023245993398006724,0.04024964152262809
c_0.4_noise_1.0,0.4,1.0,10,Symbolic,200,0,0.24594354029196036,0.022609850972988763,0.0829850267294669,0.31715642876264033,0.35883568103468416
c_0.4_noise_1.0,0.4,1.0,20,Amortized,200,0,-0.0399448472499724,0.009990478455480767,0.01153611688502699,0.038254974110545396,0.06596036060291359
c_0.4_noise_1.0,0.4,1.0,20,Binning,200,0,0.6048823580960131,0.017164177792076976,0.38296102403890997,0.6787775180762774,0.7150922273291527
c_0.4_noise_1.0,0.4,1.0,20,KSG,200,0,-0.04366685846073215,0.004348304451990387,0.006233357457560051,0.03924660630948065,0.057524705982458846
c_0.4_noise_1.0,0.4,1.0,20,Symbolic,200,0,0.40565533977832363,0.01906726555575252,0.18352818391864098,0.4785703509743166,0.5168453577957344
c_0.4_noise_1.0,0.4,1.0,30,Amortized,200,0,-0.018943271541583095,0.008121853915683567,0.008440092182803302,0.06061906412274772,0.08559942200748988
c_0.4_noise_1.0,0.4,1.0,30,Binning,200,0,0.7121573342985484,0.014330328654954096,0.5214267458068939,0.7876189793438212,0.8208007184666796
c_0.4_noise_1.0,0.4,1.0,30,KSG,200,0,-0.02576278700661401,0.005533476105431243,0.0061695299192522455,0.05598016849054672,0.07659928670962905
c_0.4_noise_1.0,0.4,1.0,30,Symbolic,200,0,0.4481412603471468,0.01326051610098471,0.21402480274600905,0.5242342012356157,0.5561533486720817
c_0.4_noise_1.0,0.4,1.0,50,Amortized,200,0,-0.01664683907626828,0.003934175517912621,0.004191621891554231,0.06671271036611451,0.08409864069475273
c_0.4_noise_1.0,0.4,1.0,50,Binning,200,0,0.7433121066542389,0.015713596328287966,0.5681479162454091,0.817991459249558,0.8527377832723236
c_0.4_noise_1.0,0.4,1.0,50,KSG,200,0,-0.023573682008144886,0.004276442717761378,0.0048107789875937055,0.059415615083636575,0.07754205011347745
c_0.4_noise_1.0,0.4,1.0,50,Symbolic,200,0,0.4016418710336897,0.0063542735585488805,0.16763869475819912,0.48264663082266474,0.5047421404581185
c_0.4_noise_1.0,0.4,1.0,100,Amortized,200,0,-0.012553155118214698,0.0021582517464561546,0.0023050421911458337,0.07306074942528802,0.08593796955168638
c_0.4_noise_1.0,0.4,1.0,100,Binning,200,0,0.5857652750537018,0.008178137431196766,0.35125820420277976,0.6652844076835218,0.6903511716372857
c_0.4_noise_1.0,0.4,1.0,100,KSG,200,0,-0.008848457980269148,0.002731773318417253,0.0027964096604537556,0.07596030746593868,0.09044780578692682
c_0.4_noise_1.0,0.4,1.0,100,Symbolic,200,0,0.27185556699007585,0.0025712031670394116,0.0764637964546998,0.3568804454058176,0.3709357177877379
c_0.4_noise_1.0,0.4,1.0,200,Amortized,200,0,-0.014774734133469705,0.0010522815323096538,0.0012653128933628201,0.07278197980231674,0.08177358114414765
c_0.4_noise_1.0,0.4,1.0,200,Binning,200,0,0.36828449711285133,0.004342717302720992,0.1399544745298732,0.45120383516642204,0.4694701882726844
c_0.4_noise_1.0,0.4,1.0,200,KSG,200,0,-0.006570311561536812,0.0015880431417683739,0.0016232719200751963,0.0799592389255019,0.09100516716482827
c_0.4_noise_1.0,0.4,1.0,200,Symbolic,200,0,0.12311634056820896,0.0009151451609331624,0.016068202750035718,0.2109762297145097,0.21936148063531202
c_0.6_noise_0.3,0.6,0.3,10,Amortized,200,0,-0.08828588652540412,0.004871810965794391,0.012641849670541948,0.08343532687646364,0.10278244501131552
c_0.6_noise_0.3,0.6,0.3,10,Binning,200,0,0.25190784923325116,0.02437232994548016,0.08770803280107511,0.41166599272313165,0.45493925068195806
c_0.6_noise_0.3,0.6,0.3,10,KSG,200,0,-0.12010389945342073,0.004603834014966492,0.019005761508809057,0.05188712675390501,0.07069461927784093
c_0.6_noise_0.3,0.6,0.3,10,Symbolic,200,0,0.14988037958863543,0.022052525691125254,0.04440639124830306,0.31069397343582067,0.3518563306800376
c_0.6_noise_0.3,0.6,0.3,20,Amortized,200,0,-0.07704282092977725,0.0032496332163100485,0.009168981307046221,0.0964513847991564,0.11225251827987649
c_0.6_noise_0.3,0.6,0.3,20,Binning,200,0,0.5259932727820971,0.015435508621369524,0.29202725409028424,0.6901692982122108,0.7246067922905707
c_0.6_noise_0.3,0.6,0.3,20,KSG,200,0,-0.0877069334926098,0.0078083857183840885,0.015461849972469245,0.08144106499825507,0.10593461295511272
c_0.6_noise_0.3,0.6,0.3,20,Symbolic,200,0,0.32617596349063416,0.016329900229729473,0.12263900988762433,0.4898601537105312,0.5252813182093246
c_0.6_noise_0.3,0.6,0.3,30,Amortized,200,0,-0.07136325859953127,0.0017695483830597483,0.006853415319088027,0.10420146366913707,0.11586156407038778
c_0.6_noise_0.3,0.6,0.3,30,Binning,200,0,0.6278962652591085,0.016508833055340292,0.4106800088164003,0.7914836890956894,0.8270983863611149
c_0.6_noise_0.3,0.6,0.3,30,KSG,200,0,-0.06219243709436273,0.005943697671993101,0.009781878415369403,0.10851746079056436,0.1298872099592976
c_0.6_noise_0.3,0.6,0.3,30,Symbolic,200,0,0.3505627614827842,0.012417962134585262,0.1352501220623478,0.5165133047164989,0.5474017631876569
c_0.6_noise_0.3,0.6,0.3,50,Amortized,200,0,-0.06398463952470983,0.001315085262247054,0.005402543931042878,0.11238418450501135,0.12243608138415639
c_0.6_noise_0.3,0.6,0.3,50,Binning,200,0,0.6574574519197885,0.016518588494779336,0.44868629663716647,0.8210396151527092,0.8566648336254553
c_0.6_noise_0.3,0.6,0.3,50,KSG,200,0,-0.041528787718019766,0.006502917862831451,0.008195043482845643,0.12868975791439977,0.1510422115881481
c_0.6_noise_0.3,0.6,0.3,50,Symbolic,200,0,0.32151616036396546,0.006205857447405251,0.10954746953535541,0.49199296095887884,0.5138289047076395
c_0.6_noise_0.3,0.6,0.3,100,Amortized,200,0,-0.05856893449951374,0.0006623831205878011,0.004089391293393195,0.1192588988085031,0.12639277713105682
c_0.6_noise_0.3,0.6,0.3,100,Binning,200,0,0.49750288888566885,0.007306318581385275,0.2547789114380646,0.667051152700036,0.6907441700098891
c_0.6_noise_0.3,0.6,0.3,100,KSG,200,0,-0.016859032443675342,0.003585870881109115,0.0038521685016404683,0.15623649862146918,0.17283498142976753
c_0.6_noise_0.3,0.6,0.3,100,Symbolic,200,0,0.2053720219004786,0.0030501430970971237,0.04521255976110229,0.37911257013677246,0.3944210186027721
c_0.6_noise_0.3,0.6,0.3,200,Amortized,200,0,-0.0586802894466039,0.00035048846079761587,0.003792112388030844,0.12011983808455266,0.1253091279608269
c_0.6_noise_0.3,0.6,0.3,200,Binning,200,0,0.29923526094836267,0.004213306511512319,0.09373398137378945,0.47163396808479396,0.48962609875051877
c_0.6_noise_0.3,0.6,0.3,200,KSG,200,0,-0.010212729176470842,0.001985483626322735,0.002079856045423061,0.16500651339698338,0.17735757318866233
c_0.6_noise_0.3,0.6,0.3,200,Symbolic,200,0,0.06514592164662017,0.001137452691934913,0.00537575653566281,0.24186648923094298,0.2512148990008848
c_0.6_noise_0.5,0.6,0.5,10,Amortized,200,0,-0.08490561231900348,0.010404142613684367,0.01756108490388086,0.08235258449266829,0.11062573580791076
c_0.6_noise_0.5,0.6,0.5,10,Binning,200,0,0.2700594147443828,0.020615888470364892,0.0934448965200916,0.43155469009091485,0.47135368433643665
c_0.6_noise_0.5,0.6,0.5,10,KSG,200,0,-0.12163643913595971,0.004069076204118347,0.018844154148773787,0.05091758586896665,0.06859908079769993
c_0.6_noise_0.5,0.6,0.5,10,Symbolic,200,0,0.13373183501072308,0.021928268772037254,0.03970283112351232,0.2946034940082913,0.3356497209517409
c_0.6_noise_0.5,0.6,0.5,20,Amortized,200,0,-0.07370168447424072,0.004687180648849422,0.01009568303994571,0.09820460203031062,0.11718157395979395
c_0.6_noise_0.5,0.6,0.5,20,Binning,200,0,0.5229545265095605,0.017351815080378474,0.29074649280181525,0.6860929668153573,0.7226056311423499
c_0.6_noise_0.5,0.6,0.5,20,KSG,200,0,-0.08815012099181443,0.00673651821499877,0.0144732794547953,0.08186945733084106,0.10461984562411608
c_0.6_noise_0.5,0.6,0.5,20,Symbolic,200,0,0.337124550839639,0.015552473752695237,0.12912767416276005,0.5012354604350902,0.5358031861827739
c_0.6_noise_0.5,0.6,0.5,30,Amortized,200,0,-0.06932611888576642,0.0036987033069782018,0.008486320550206731,0.10363985217879308,0.12049745498826007
c_0.6_noise_0.5,0.6,0.5,30,Binning,200,0,0.6260897124907377,0.013176801516296343,0.40509924559544946,0.7915753679661489,0.8233936019539126
c_0.6_noise_0.5,0.6,0.5,30,KSG,200,0,-0.07516390541822933,0.006089409214270477,0.011708574845919648,0.09541581401431405,0.1170459200878133
c_0.6_noise_0.5,0.6,0.5,30,Symbolic,200,0,0.3728943484192757,0.011986736557614178,0.15097699795786232,0.5391154187760765,0.569462823001061
c_0.6_noise_0.5,0.6,0.5,50,Amortized,200,0,-0.06532851898599759,0.0021595230187298315,0.006416540796540031,0.10962574743611538,0.12250675953047545
c_0.6_noise_0.5,0.6,0.5,50,Binning,200,0,0.6550605597663851,0.015515246065093757,0.44454200679621797,0.8191921677975365,0.8537184966738198
c_0.6_noise_0.5,0.6,0.5,50,KSG,200,0,-0.04944026085131367,0.004975045312874441,0.0073945094793560085,0.12217899780183175,0.1417300254341269
c_0.6_noise_0.5,0.6,0.5,50,Symbolic,200,0,0.32797824117433483,0.007491554057968652,0.11502382297148891,0.4973772739688324,0.5213687533184234
c_0.6_noise_0.5,0.6,0.5,100,Amortized,200,0,-0.05775516706634655,0.000961674444219459,0.004292525394859966,0.11934171723262753,0.1279374935732654
c_0.6_noise_0.5,0.6,0.5,100,Binning,200,0,0.4969438878105952,0.009921407369242604,0.25682502796470574,0.6645339367133545,0.6921433838464219
c_0.6_noise_0.5,0.6,0.5,100,KSG,200,0,-0.021487995159134382,0.003539917321534007,0.00398395167088532,0.1516608854898626,0.16815266913045465
c_0.6_noise_0.5,0.6,0.5,100,Symbolic,200,0,0.19695612576923097,0.0029594521022249386,0.041736370319738966,0.3708113255729456,0.38589047090410233
c_0.6_noise_0.5,0.6,0.5,200,Amortized,200,0,-0.055715159415494375,0.00044251085269015917,0.0035444772871206626,0.12276418024571119,0.12859504586188605
c_0.6_noise_0.5,0.6,0.5,200,Binning,200,0,0.30186649753533457,0.0038115675614412976,0.09491589205788425,0.4747048344313199,0.4918177055779352
c_0.6_noise_0.5,0.6,0.5,200,KSG,200,0,-0.011176564525375215,0.001912824291631988,0.002028175764763704,0.16415672883451987,0.1762796870533157
c_0.6_noise_0.5,0.6,0.5,200,Symbolic,200,0,0.06576229538693265,0.0010859289637868079,0.005405178813526059,0.24258995459548677,0.25172418111696454
c_0.6_noise_1.0,0.6,1.0,10,Amortized,200,0,-0.06536374965239698,0.020465969455957012,0.024636059377298455,0.09620401241920856,0.13585803321458426
c_0.6_noise_1.0,0.6,1.0,10,Binning,200,0,0.2564159758027805,0.017441026649962096,0.08310297416360442,0.41950754527662876,0.456113951267519
c_0.6_noise_1.0,0.6,1.0,10,KSG,200,0,-0.1314156058026268,0.00383381845194573,0.021084710808157395,0.04139779236968051,0.058560540963652694
c_0.6_noise_1.0,0.6,1.0,10,Symbolic,200,0,0.15293650186004207,0.02015774120804507,0.04344652610319147,0.31465413294334826,0.35400841571532266
c_0.6_noise_1.0,0.6,1.0,20,Amortized,200,0,-0.043821745424758696,0.012064468806789368,0.01392449183482778,0.12235020480814206,0.15279584928092732
c_0.6_noise_1.0,0.6,1.0,20,Binning,200,0,0.5199951797357297,0.01573974145633099,0.2860560296974432,0.684002342999235,0.7187775614108112
c_0.6_noise_1.0,0.6,1.0,20,KSG,200,0,-0.08667821049347244,0.00731082419837731,0.014787382251736139,0.08286640116668291,0.106566722784959
c_0.6_noise_1.0,0.6,1.0,20,Symbolic,200,0,0.3183273157713836,0.01805457416715389,0.11929658126253234,0.481099729082861,0.518344447398493
c_0.6_noise_1.0,0.6,1.0,30,Amortized,200,0,-0.0438400383584612,0.00668155747136964,0.008570098647284143,0.1262260379850608,0.14888343023660358
c_0.6_noise_1.0,0.6,1.0,30,Binning,200,0,0.6292500027218263,0.017204627336889683,0.41307417012562353,0.7924660381093811,0.8288235122728582
c_0.6_noise_1.0,0.6,1.0,30,KSG,200,0,-0.06775391564976638,0.006423486314454034,0.010981961968757422,0.10253309713865377,0.12474861650040026
c_0.6_noise_1.0,0.6,1.0,30,Symbolic,200,0,0.3685581698084017,0.011498080144493232,0.1472757142762895,0.5350917470560641,0.5648141374993261
c_0.6_noise_1.0,0.6,1.0,50,Amortized,200,0,-0.03885834279586012,0.004823527938106015,0.00630938110325606,0.13291092580947164,0.1521619335373949
c_0.6_noise_1.0,0.6,1.0,50,Binning,200,0,0.6436293795833834,0.013388604157508107,0.42758043939961154,0.8089876839671719,0.8410606201381816
c_0.6_noise_1.0,0.6,1.0,50,KSG,200,0,-0.046213406671481355,0.005726113590325754,0.007833161978557844,0.12469388803416567,0.1456688435614584
c_0.6_noise_1.0,0.6,1.0,50,Symbolic,200,0,0.31706987081998494,0.00870006456469316,0.10918986722367169,0.48553750748281965,0.5113917790957371
c_0.6_noise_1.0,0.6,1.0,100,Amortized,200,0,-0.02979684811760122,0.0022698835186035,0.00314638625875388,0.14499490060303458,0.15820094810034976
c_0.6_noise_1.0,0.6,1.0,100,Binning,200,0,0.5004793059960342,0.008888992312279064,0.2593240830809897,0.6688073357826902,0.6949408211479648
c_0.6_noise_1.0,0.6,1.0,100,KSG,200,0,-0.029356204010340337,0.0036439190363154045,0.0044874861550305515,0.1436724225810983,0.1604047143368078
c_0.6_noise_1.0,0.6,1.0,100,Symbolic,200,0,0.1925807745080195,0.002679291845801591,0.03975325009668124,0.3668017169142185,0.3811493770404073
c_0.6_noise_1.0,0.6,1.0,200,Amortized,200,0,-0.026870488166105072,0.0012035884280933479,0.001919593620237675,0.14971611141457283,0.1593324571918038
c_0.6_noise_1.0,0.6,1.0,200,Binning,200,0,0.29731309314843657,0.004726457520764625,0.09309790059065176,0.4691797075554995,0.4882360236799604
c_0.6_noise_1.0,0.6,1.0,200,KSG,200,0,-0.013923626664403943,0.002232772028010102,0.002415475547359753,0.16092232261946002,0.17401996899031888
c_0.6_noise_1.0,0.6,1.0,200,Symbolic,200,0,0.06647781345087728,0.0011110520140397502,0.00552479643517919,0.24325294447459553,0.2524922273657458
c_0.8_noise_0.3,0.8,0.3,10,Amortized,200,0,-0.17077521390073458,0.005162842602641287,0.034301202072469734,0.09996654286626223,0.11988315710779775
c_0.8_noise_0.3,0.8,0.3,10,Binning,200,0,0.17229845402410743,0.022286196246848404,0.051861522524711635,0.43230858660436244,0.4736884492193816
c_0.8_noise_0.3,0.8,0.3,10,KSG,200,0,-0.22075760357030433,0.005495239958769661,0.05420168329307945,0.049668582318960985,0.07021633831595955
c_0.8_noise_0.3,0.8,0.3,10,Symbolic,200,0,0.053535297770562984,0.022393459582761364,0.025147520392230404,0.3134956998562229,0.35497502346043225
c_0.8_noise_0.3,0.8,0.3,20,Amortized,200,0,-0.14601334154956497,0.003269355248946262,0.024572904383171456,0.12676221758258494,0.1426112270938143
c_0.8_noise_0.3,0.8,0.3,20,Binning,200,0,0.4126249012257823,0.015576995433277539,0.1857584195676979,0.6760274818202353,0.7106224484068585
c_0.8_noise_0.3,0.8,0.3,20,KSG,200,0,-0.15509324104407052,0.006735813136846901,0.030756047488716836,0.1142322240053809,0.13698142168200722
c_0.8_noise_0.3,0.8,0.3,20,Symbolic,200,0,0.22585754397290714,0.02010434408004699,0.07101545252912045,0.4869065457751369,0.5262086699462065
c_0.8_noise_0.3,0.8,0.3,30,Amortized,200,0,-0.13858581489675206,0.002130151787492224,0.02132552911915159,0.13571769089042823,0.1485108070915968
c_0.8_noise_0.3,0.8,0.3,30,Binning,200,0,0.5179083936888766,0.01232790939167983,0.28049537409811387,0.7832203295684855,0.8139965855847969
c_0.8_noise_0.3,0.8,0.3,30,KSG,200,0,-0.12018889249338388,0.006966271421446228,0.02137680994312519,0.14894362448662454,0.17207871830213686
c_0.8_noise_0.3,0.8,0.3,30,Symbolic,200,0,0.2640292346728068,0.011630367523358191,0.0812836524476495,0.5297828575330671,0.5596757395880757
c_0.8_noise_0.3,0.8,0.3,50,Amortized,200,0,-0.13439844525211014,0.0012205181005778016,0.019277357596259367,0.1414597479562684,0.15114348931504049
c_0.8_noise_0.3,0.8,0.3,50,Binning,200,0,0.5428263444967886,0.01214751131901635,0.3067472140421675,0.8082512849017244,0.8388015318673819
c_0.8_noise_0.3,0.8,0.3,50,KSG,200,0,-0.08292936169368398,0.006219924913309916,0.01306610431966523,0.18684036287021435,0.20870104151794686
c_0.8_noise_0.3,0.8,0.3,50,Symbolic,200,0,0.23504003018037656,0.006208020474116671,0.061420796158938425,0.5048202196518837,0.5266599684843986
c_0.8_noise_0.3,0.8,0.3,100,Amortized,200,0,-0.13003341061227477,0.0006467250869426393,0.017552179336968385,0.14714212558089096,0.15419118097008866
c_0.8_noise_0.3,0.8,0.3,100,Binning,200,0,0.4158915228892345,0.00810309762968947,0.18102834095266765,0.6841158383316722,0.7090673352223259
c_0.8_noise_0.3,0.8,0.3,100,KSG,200,0,-0.05805659702727972,0.004497879676414919,0.007845958736420789,0.21334856111461645,0.23193837260635328
c_0.8_noise_0.3,0.8,0.3,100,Symbolic,200,0,0.11410830140614453,0.0026106733545969026,0.01561832443761946,0.3877269943959052,0.40188973619191304
c_0.8_noise_0.3,0.8,0.3,200,Amortized,200,0,-0.12027346104734102,0.00026645915152502417,0.014730832288073663,0.158164270552166,0.16268893512868113
c_0.8_noise_0.3,0.8,0.3,200,Binning,200,0,0.23487405140197914,0.0032056880467100776,0.05835547962845606,0.507727150526142,0.5234210800533454
c_0.8_noise_0.3,0.8,0.3,200,KSG,200,0,-0.020696749417915328,0.0025941356349203143,0.0030095203932136915,0.2529444082319432,0.2670622207077553
c_0.8_noise_0.3,0.8,0.3,200,Symbolic,200,0,0.0011941944282352068,0.0012617955851980693,0.0012569127076045067,0.27697119325442643,0.28681732337757315
c_0.8_noise_0.5,0.8,0.5,10,Amortized,200,0,-0.1602144150470994,0.010104627911043617,0.035722763560372635,0.10655404114753411,0.13441725653379746
c_0.8_noise_0.5,0.8,0.5,10,Binning,200,0,0.15097159346212036,0.022631244233067567,0.04531051004439397,0.41082217440117047,0.45252114029860063
c_0.8_noise_0.5,0.8,0.5,10,KSG,200,0,-0.21253399245919383,0.004789092458980148,0.04993584494732991,0.058574987654977755,0.07775715520216497
c_0.8_noise_0.5,0.8,0.5,10,Symbolic,200,0,0.0450206806221054,0.022365472040498026,0.024280506363973144,0.3049940470654178,0.3464474419543234
c_0.8_noise_0.5,0.8,0.5,20,Amortized,200,0,-0.13325617927663544,0.005372793704530432,0.02310313905141459,0.13728511394354304,0.15760265527871647
c_0.8_noise_0.5,0.8,0.5,20,Binning,200,0,0.4356666574964612,0.01581169270258474,0.20553807069321073,0.6989394154125265,0.7337940273559264
c_0.8_noise_0.5,0.8,0.5,20,KSG,200,0,-0.16195509610614872,0.006470571831172385,0.032667672126768396,0.10759657131696024,0.12989336424627268
c_0.8_noise_0.5,0.8,0.5,20,Symbolic,200,0,0.21341757237943199,0.014488648550078675,0.05996326550765838,0.4774353713924893,0.510799901141905
c_0.8_noise_0.5,0.8,0.5,30,Amortized,200,0,-0.12298065185897569,0.0034983354885144576,0.018605084542730476,0.14952209368292874,0.16591673037465027
c_0.8_noise_0.5,0.8,0.5,30,Binning,200,0,0.523836837380766,0.015636370997369548,0.28996322133946584,0.7872064825165948,0.8218673200204678
c_0.8_noise_0.5,0.8,0.5,30,KSG,200,0,-0.11224893402264097,0.006886733438208904,0.01945212296023707,0.15694980925046798,0.17995245047978048
c_0.8_noise_0.5,0.8,0.5,30,Symbolic,200,0,0.26753003220158117,0.011372276353571787,0.08288773310158298,0.5334504247736707,0.5630097674050221
c_0.8_noise_0.5,0.8,0.5,50,Amortized,200,0,-0.1205266734396718,0.0020107448873645647,0.01652737017336103,0.1539586991607889,0.1663880817353979
c_0.8_noise_0.5,0.8,0.5,50,Binning,200,0,0.5361785270330535,0.015388610594160015,0.3027990803925241,0.7996860218198196,0.8340711600218176
c_0.8_noise_0.5,0.8,0.5,50,KSG,200,0,-0.08875428593312931,0.0067694980804564545,0.014612973861553849,0.18054277312567052,0.20334878278360125
c_0.8_noise_0.5,0.8,0.5,50,Symbolic,200,0,0.23682488912584004,0.007621350950376894,0.06366927230509146,0.5054257419213547,0.5296241641058558
c_0.8_noise_0.5,0.8,0.5,100,Amortized,200,0,-0.11376176202647906,0.0008041529813769836,0.013741870715839351,0.16300814022767754,0.17086846349489473
c_0.8_noise_0.5,0.8,0.5,100,Binning,200,0,0.41550356905422164,0.007332731143978947,0.1799392833850554,0.6843357308605932,0.7080715350233805
c_0.8_noise_0.5,0.8,0.5,100,KSG,200,0,-0.04727950916333537,0.003804791479260492,0.006021119508590101,0.22487172821235019,0.24196938123650946
c_0.8_noise_0.5,0.8,0.5,100,Symbolic,200,0,0.10785611468970208,0.0027869439689872993,0.01440595072510053,0.3812396479955379,0.39587270915939665
c_0.8_noise_0.5,0.8,0.5,200,Amortized,200,0,-0.10619128144138082,0.000555781086437731,0.011829590435168092,0.17124145278620376,0.177776112106565
c_0.8_noise_0.5,0.8,0.5,200,Binning,200,0,0.23406310665858593,0.004108532697218537,0.05887352793240099,0.5058796635784824,0.5236466775142199
c_0.8_noise_0.5,0.8,0.5,200,KSG,200,0,-0.01985804894577864,0.0026245118710822328,0.0030057314196597616,0.2537419005753198,0.2679421293086533
c_0.8_noise_0.5,0.8,0.5,200,Symbolic,200,0,0.0031705914067283736,0.001429695547135818,0.0014325997192685585,0.27863027438568694,0.2891110362033002
c_0.8_noise_1.0,0.8,1.0,10,Amortized,200,0,-0.09479043415539448,0.025823691107619767,0.034679799059449845,0.1636380905220876,0.20818116894265304
c_0.8_noise_1.0,0.8,1.0,10,Binning,200,0,0.17627023952157156,0.02034178333552332,0.05131127175983791,0.437203539022904,0.47673706779576874
c_0.8_noise_1.0,0.8,1.0,10,KSG,200,0,-0.2179274448401458,0.0037734001531656743,0.05124690436695465,0.05425913150478402,0.07128610659045397
c_0.8_noise_1.0,0.8,1.0,10,Symbolic,200,0,0.05906093171461524,0.020824683646398043,0.0242087538831645,0.319760982515384,0.3597610086893761
c_0.8_noise_1.0,0.8,1.0,20,Amortized,200,0,-0.0794392795895833,0.013172843298855735,0.019417578224073445,0.18535405697655996,0.21716751161980305
c_0.8_noise_1.0,0.8,1.0,20,Binning,200,0,0.4272337423208603,0.016356887661050333,0.19880377380023234,0.6902085954004724,0.7256590170167778
c_0.8_noise_1.0,0.8,1.0,20,KSG,200,0,-0.14995573761612613,0.007093503428528227,0.02954475915538206,0.11907162247795103,0.14241703006532633
c_0.8_noise_1.0,0.8,1.0,20,Symbolic,200,0,0.23253191132944206,0.014090020066446841,0.06809065975263807,0.49678080184153817,0.5296831485928756
c_0.8_noise_1.0,0.8,1.0,30,Amortized,200,0,-0.07375253457181632,0.0073906125543294005,0.012793095847324718,0.19503287926051005,0.2188621793713869
c_0.8_noise_1.0,0.8,1.0,30,Binning,200,0,0.52490903902252,0.017074015897685858,0.2925181450657429,0.7874995005578654,0.8237187052627041
c_0.8_noise_1.0,0.8,1.0,30,KSG,200,0,-0.12324057130465241,0.007420521640368135,0.02257165744766341,0.14552075815821663,0.16939822700800816
c_0.8_noise_1.0,0.8,1.0,30,Symbolic,200,0,0.2517502466344843,0.013529066971301098,0.07683960831696827,0.5163299408495415,0.5485706801949567
c_0.8_noise_1.0,0.8,1.0,50,Amortized,200,0,-0.06842420590274517,0.005346638163242274,0.01000177692584733,0.2021418446714524,0.22240987129858686
c_0.8_noise_1.0,0.8,1.0,50,Binning,200,0,0.5586762787398606,0.011997566499695305,0.3240567630938154,0.824195787389883,0.8545568978653678
c_0.8_noise_1.0,0.8,1.0,50,KSG,200,0,-0.08877572420843283,0.0077042131889611815,0.015546821331748097,0.17975953277853957,0.2040891465801244
c_0.8_noise_1.0,0.8,1.0,50,Symbolic,200,0,0.23582214623870235,0.006483004861122341,0.062062674493444644,0.5053631081297814,0.527681312123153
c_0.8_noise_1.0,0.8,1.0,100,Amortized,200,0,-0.057435772839714905,0.0027213657794472328,0.006006626952245329,0.2160343537114181,0.2304942283846817
c_0.8_noise_1.0,0.8,1.0,100,Binning,200,0,0.412037081786639,0.009731424224319133,0.179457323870447,0.6790652329881436,0.706409058360664
c_0.8_noise_1.0,0.8,1.0,100,KSG,200,0,-0.04638701619560087,0.003666441953523592,0.005799865015286914,0.22592108623829146,0.2427050091460364
c_0.8_noise_1.0,0.8,1.0,100,Symbolic,200,0,0.11845448372318923,0.003248255527412028,0.017263478963902276,0.39125565577915067,0.4070534394427574
c_0.8_noise_1.0,0.8,1.0,200,Amortized,200,0,-0.052529681030442116,0.0013959516756247748,0.004148339306406644,0.22299221331728244,0.23334855239736293
c_0.8_noise_1.0,0.8,1.0,200,Binning,200,0,0.23941187021767307,0.0036615541551890023,0.06096128998553699,0.5117255682528847,0.528498299957991
c_0.8_noise_1.0,0.8,1.0,200,KSG,200,0,-0.020986900525008623,0.002681840478202031,0.0031088812694576268,0.2525359221166154,0.26689040460889696
c_0.8_noise_1.0,0.8,1.0,200,Symbolic,200,0,0.003142473736770679,0.0015662003518576628,0.001568244491284668,0.278357687912968,0.28932738733610297
