,KSG,real_s0,real_s1,real_s2,surrogate
f1o09,-0.0184,0.0044,0.0123,0.0137,-0.0046
f1y01,0.0247,0.0919,0.0152,0.0697,0.0015
f1y02,0.0077,0.0445,0.0292,0.0781,-0.0039
f1y04,-0.0135,0.0517,0.0639,0.0892,0.0033
f1y05,0.0428,0.0512,0.0655,0.0636,-0.0007
f1y06,0.0194,0.0577,0.025,0.0534,-0.0005
f1y07,0.0095,0.0674,0.0238,0.0468,-0.003
f1y08,0.0053,0.0283,0.0213,0.0425,0.0007
f1y09,0.0277,0.0339,0.0824,0.0409,-0.005
f1y10,0.0086,0.0293,0.0536,0.0569,-0.0028
f2o06,0.0166,0.0492,0.0887,0.0446,-0.0074
f2o07,0.0187,0.0581,0.0426,0.0525,-0.0058
f2y01,0.036,0.0528,0.0977,0.057,-0.0008
f2y06,0.0148,0.0453,0.0633,0.0905,-0.0032
f2y07,-0.0523,0.0933,0.1033,0.087,-0.0032
f2y08,0.1242,0.0175,0.0693,0.0997,-0.0049
f2y09,0.0343,0.0339,0.0888,0.0632,-0.0057
