config_name,coupling_c,noise_std,n_samples,Amortized,Binning,KSG,Symbolic
c_0.0_noise_0.3,0.0,0.3,10,0.003675431736084742,0.02720259889219498,0.003060403767348649,0.02084465896283157
c_0.0_noise_0.3,0.0,0.3,20,0.0024502298561185193,0.016282006333231642,0.002811953234703047,0.01719784798964908
c_0.0_noise_0.5,0.0,0.5,10,0.007440694156341672,0.027107667576778783,0.0035994538299569806,0.021481497883757115
c_0.0_noise_0.5,0.0,0.5,20,0.005097350097475577,0.016854835675369727,0.004258723090812295,0.017993661075079475
c_0.0_noise_1.0,0.0,1.0,10,0.020872468062317427,0.025999253867808485,0.002945290175208369,0.02318067367902748
c_0.0_noise_1.0,0.0,1.0,20,0.012448210977622902,0.01731788863383294,0.0037054182760513613,0.015737131191841076
c_0.2_noise_0.3,0.2,0.3,10,0.003648412946912324,0.02314434659377647,0.0021854769263535507,0.02583819922789459
c_0.2_noise_0.3,0.2,0.3,20,0.0023148134123248845,0.017645963088269018,0.0038847259122420227,0.01733550851896754
c_0.2_noise_0.5,0.2,0.5,10,0.008901392005143074,0.022188681761279996,0.0030985569145488105,0.018189582592481476
c_0.2_noise_0.5,0.2,0.5,20,0.003999115776835722,0.015098919275738193,0.0037165119441692363,0.016097334080963654
c_0.2_noise_1.0,0.2,1.0,10,0.01948827892916483,0.02475868373568354,0.0030584071240793934,0.023043135536601676
c_0.2_noise_1.0,0.2,1.0,20,0.010443325441872906,0.015671081318005674,0.003595174956099226,0.01750274279123718
c_0.4_noise_0.3,0.4,0.3,10,0.004563132252551112,0.02096330214400981,0.003583084580712521,0.025315198065200377
c_0.4_noise_0.3,0.4,0.3,20,0.0023934254637228516,0.016853115856158833,0.00600844454152196,0.015181598747660638
c_0.4_noise_0.5,0.4,0.5,10,0.01051112947391122,0.025694249705614767,0.003991753205709512,0.019428674348923716
c_0.4_noise_0.5,0.4,0.5,20,0.004839292021783448,0.01709053448982783,0.005693875968865841,0.015181639849965728
c_0.4_noise_1.0,0.4,1.0,10,0.019258617737158538,0.02533284229035145,0.0037630681167474473,0.022609850972988756
c_0.4_noise_1.0,0.4,1.0,20,0.00999047845548077,0.017164177792076976,0.00434830445199039,0.01906726555575252
c_0.6_noise_0.3,0.6,0.3,10,0.004871810965794393,0.024372329945480158,0.004603834014966494,0.02205252569112525
c_0.6_noise_0.3,0.6,0.3,20,0.003249633216310049,0.015435508621369522,0.007808385718384089,0.016329900229729473
c_0.6_noise_0.5,0.6,0.5,10,0.01040414261368437,0.02061588847036489,0.00406907620411835,0.021928268772037254
c_0.6_noise_0.5,0.6,0.5,20,0.004687180648849423,0.01735181508037847,0.006736518214998771,0.015552473752695235
c_0.6_noise_1.0,0.6,1.0,10,0.020465969455957023,0.017441026649962096,0.003833818451945733,0.020157741208045067
c_0.6_noise_1.0,0.6,1.0,20,0.01206446880678937,0.01573974145633099,0.0073108241983773125,0.01805457416715389
c_0.8_noise_0.3,0.8,0.3,10,0.0051628426026412875,0.022286196246848404,0.0054952399587696625,0.022393459582761354
c_0.8_noise_0.3,0.8,0.3,20,0.003269355248946262,0.015576995433277537,0.006735813136846903,0.020104344080046986
c_0.8_noise_0.5,0.8,0.5,10,0.010104627911043619,0.022631244233067564,0.00478909245898015,0.02236547204049802
c_0.8_noise_0.5,0.8,0.5,20,0.005372793704530432,0.01581169270258474,0.006470571831172385,0.014488648550078673
c_0.8_noise_1.0,0.8,1.0,10,0.025823691107619767,0.02034178333552332,0.0037734001531656764,0.020824683646398036
c_0.8_noise_1.0,0.8,1.0,20,0.013172843298855735,0.016356887661050333,0.007093503428528227,0.014090020066446836
