config_name,coupling_c,noise_std,n_samples,estimator,n_valid,n_failed,bias,variance,mse,ci_low,ci_high,dataset
c_0.0_noise_0.3,0.0,0.3,10,Amortized,200,0,-0.0203236085176465,0.0036754317360847,0.0040701036405828,-0.0287258518363513,-0.0119213651989421,Linear VAR
c_0.0_noise_0.3,0.0,0.3,10,KSG,200,0,0.0147549603174604,0.0030604037673486,0.0032628106024817,0.0070878725024399,0.0224220481324805,Linear VAR
c_0.0_noise_0.3,0.0,0.3,20,Amortized,200,0,-0.0206537487506864,0.0024502298561185,0.0028645560442944,-0.0275140705417052,-0.013793426959668,Linear VAR
c_0.0_noise_0.3,0.0,0.3,20,KSG,200,0,0.0032203353728318,0.002811953234703,0.002808264028443,-0.0041289501524541,0.0105696208981175,Linear VAR
c_0.0_noise_0.3,0.0,0.3,30,Amortized,200,0,-0.0198532730937001,0.0018320527143419,0.0022170449033032,-0.025785394850465,-0.0139211513369357,Linear VAR
c_0.0_noise_0.3,0.0,0.3,30,KSG,200,0,0.0069694992978653,0.0035119309885028,0.0035429452540233,-0.0012437321263163,0.0151827307220467,Linear VAR
c_0.0_noise_0.3,0.0,0.3,50,Amortized,200,0,-0.0170077819228169,0.0009875173206162,0.0012718443799472,-0.0213630353820773,-0.012652528463557,Linear VAR
c_0.0_noise_0.3,0.0,0.3,50,KSG,200,0,0.005622992659184,0.0023943433438033,0.0024139896735295,-0.001158640399879,0.0124046257182466,Linear VAR
c_0.0_noise_0.3,0.0,0.3,100,Amortized,200,0,-0.0200432527661321,0.0005785112185157,0.0009773506438702,-0.0233767259526528,-0.0167097795796118,Linear VAR
c_0.0_noise_0.3,0.0,0.3,100,KSG,200,0,-0.002005077001561,0.001643502135549,0.0016393049586535,-0.0076236523565446,0.0036134983534221,Linear VAR
c_0.0_noise_0.3,0.0,0.3,200,Amortized,200,0,-0.0185926890373227,0.0002460392701251,0.000590497159413,-0.0207666076881843,-0.0164187703864615,Linear VAR
c_0.0_noise_0.3,0.0,0.3,200,KSG,200,0,-0.0001348261046256,0.0009586359546885,0.0009538609529935,-0.0044259191376021,0.0041562669283503,Linear VAR
c_0.0_noise_0.5,0.0,0.5,10,Amortized,200,0,-0.0406932132244109,0.0074406941563416,0.0090594282880873,-0.0526481642220107,-0.0287382622268112,Linear VAR
c_0.0_noise_0.5,0.0,0.5,10,KSG,200,0,0.015548611111111,0.0035994538299569,0.0038232158682917,0.0072336661825012,0.0238635560397208,Linear VAR
c_0.0_noise_0.5,0.0,0.5,20,Amortized,200,0,-0.0404198881983756,0.0050973500974755,0.0067056307089573,-0.0503148313852924,-0.0305249450114588,Linear VAR
c_0.0_noise_0.5,0.0,0.5,20,KSG,200,0,0.0126863582291892,0.0042587230908122,0.0043983731604775,0.0036419371239817,0.0217307793343967,Linear VAR
c_0.0_noise_0.5,0.0,0.5,30,Amortized,200,0,-0.0458197019100188,0.0035389571966217,0.0056207074937616,-0.0540644753958528,-0.0375749284241849,Linear VAR
c_0.0_noise_0.5,0.0,0.5,30,KSG,200,0,0.0057331538343229,0.0026426235191363,0.0026622794544286,-0.0013914172092958,0.0128577248779417,Linear VAR
c_0.0_noise_0.5,0.0,0.5,50,Amortized,200,0,-0.0500283105373382,0.0018805408240624,0.0043739699751625,-0.0560384210312136,-0.0440182000434627,Linear VAR
c_0.0_noise_0.5,0.0,0.5,50,KSG,200,0,-0.0024761068041242,0.0020956916934752,0.0020913443399132,-0.0088207144396106,0.003868500831362,Linear VAR
c_0.0_noise_0.5,0.0,0.5,100,Amortized,200,0,-0.0492231033444404,0.0010442363474796,0.0034619290685997,-0.0537016847897632,-0.0447445218991176,Linear VAR
c_0.0_noise_0.5,0.0,0.5,100,KSG,200,0,0.0002809440705654,0.0016435235019561,0.0016353848140171,-0.0053376678065419,0.0058995559476729,Linear VAR
c_0.0_noise_0.5,0.0,0.5,200,Amortized,200,0,-0.0478838256597518,0.000541886966592,0.0028320382915725,-0.0511100564100701,-0.0446575949094335,Linear VAR
c_0.0_noise_0.5,0.0,0.5,200,KSG,200,0,0.0003890849486192,0.0008424662471267,0.0008384053029883,-0.0036336121161384,0.004411782013377,Linear VAR
c_0.0_noise_1.0,0.0,1.0,10,Amortized,200,0,-0.0701443477272982,0.0208724680623174,0.0256883352400939,-0.09016729372785,-0.0501214017267474,Linear VAR
c_0.0_noise_1.0,0.0,1.0,10,KSG,200,0,0.017728174603175,0.0029452901752083,0.0032448518990929,0.0102066632068259,0.0252496859995231,Linear VAR
c_0.0_noise_1.0,0.0,1.0,20,Amortized,200,0,-0.0903930546939368,0.0124482109776228,0.0205568742596358,-0.1058560827433906,-0.0749300266444839,Linear VAR
c_0.0_noise_1.0,0.0,1.0,20,KSG,200,0,0.0140244242631729,0.0037054182760513,0.0038835756605845,0.0055879751140105,0.0224608734123343,Linear VAR
c_0.0_noise_1.0,0.0,1.0,30,Amortized,200,0,-0.0968383427262301,0.0070250711276981,0.0163676103940224,-0.1084546057320696,-0.0852220797203915,Linear VAR
c_0.0_noise_1.0,0.0,1.0,30,KSG,200,0,0.0074816693003202,0.0028334437695009,0.0028752519261727,0.0001043535334183,0.0148589850672213,Linear VAR
c_0.0_noise_1.0,0.0,1.0,50,Amortized,200,0,-0.0845439270734782,0.0043052220811382,0.0114313715757381,-0.0936375900172271,-0.0754502641297302,Linear VAR
c_0.0_noise_1.0,0.0,1.0,50,KSG,200,0,0.0006105497141917,0.0022493910067585,0.0022385168226782,-0.0059626004025957,0.0071836998309783,Linear VAR
c_0.0_noise_1.0,0.0,1.0,100,Amortized,200,0,-0.0850050004124636,0.0020820985621584,0.0092975381644705,-0.0913289982921236,-0.0786810025328045,Linear VAR
c_0.0_noise_1.0,0.0,1.0,100,KSG,200,0,-0.0021715926961801,0.0019040109151129,0.0018992066753755,-0.0082190914896893,0.0038759060973281,Linear VAR
c_0.0_noise_1.0,0.0,1.0,200,Amortized,200,0,-0.0922551645040507,0.0011317895169945,0.009637145947079,-0.0969177188514483,-0.087592610156654,Linear VAR
c_0.0_noise_1.0,0.0,1.0,200,KSG,200,0,-0.0021819128651577,0.0008491103771265,0.000849625568992,-0.0062204413253582,0.0018566155950418,Linear VAR
c_0.2_noise_0.3,0.2,0.3,10,Amortized,200,0,-0.0147593156408956,0.0036484129469123,0.0038480082803653,0.002435749882281,0.0191783561171887,Linear VAR
c_0.2_noise_0.3,0.2,0.3,10,KSG,200,0,-0.0082189480057099,0.0021854769263535,0.0022421006480423,0.0108683280440249,0.0238265132258162,Linear VAR
c_0.2_noise_0.3,0.2,0.3,20,Amortized,200,0,-0.004623616934984,0.0023148134123248,0.0023246171788247,0.0142746983147432,0.0276108050965497,Linear VAR
c_0.2_noise_0.3,0.2,0.3,20,KSG,200,0,-0.0028303683320294,0.003884725912242,0.0038733132675757,0.014097839895507,0.0313741607216951,Linear VAR
c_0.2_noise_0.3,0.2,0.3,30,Amortized,200,0,-0.001961657227247,0.0020227404760941,0.0020164748727908,0.0173715100637706,0.0298379127629963,Linear VAR
c_0.2_noise_0.3,0.2,0.3,30,KSG,200,0,-0.0059643481637386,0.0044605884639252,0.0044738589706239,0.0103457262283776,0.028858314725406,Linear VAR
c_0.2_noise_0.3,0.2,0.3,50,Amortized,200,0,-0.0003053177010705,0.001075209880997,0.0010699270504906,0.0207165343102371,0.0298055675688826,Linear VAR
c_0.2_noise_0.3,0.2,0.3,50,KSG,200,0,0.0043611051053535,0.0028044271342541,0.0028094242363228,0.0225880298709513,0.0372669176210167,Linear VAR
c_0.2_noise_0.3,0.2,0.3,100,Amortized,200,0,0.0034421837914296,0.0004996227219807,0.0005089732376248,0.0259106897424293,0.032106415121691,Linear VAR
c_0.2_noise_0.3,0.2,0.3,100,KSG,200,0,-0.0043495862419086,0.0018591270119206,0.0018687502773368,0.0152409885899485,0.027192576207495,Linear VAR
c_0.2_noise_0.3,0.2,0.3,200,Amortized,200,0,0.0033802232134649,0.0003332877912888,0.0003430472613053,0.0264164155963858,0.031476768111805,Linear VAR
c_0.2_noise_0.3,0.2,0.3,200,KSG,200,0,-0.0014850953849037,0.0014287867097366,0.0014238482844902,0.0188425582300146,0.0293199882814387,Linear VAR
c_0.2_noise_0.5,0.2,0.5,10,Amortized,200,0,-0.0134397280227831,0.008901392005143,0.0090375113344437,-0.0009492126099456,0.0252024938456405,Linear VAR
c_0.2_noise_0.5,0.2,0.5,10,KSG,200,0,-0.0056231146723766,0.0030985569145488,0.0031146835485947,0.0122285225267419,0.0276579854097658,Linear VAR
c_0.2_noise_0.5,0.2,0.5,20,Amortized,200,0,-0.0122621371161631,0.0039991157768357,0.0041294802046071,0.0045398139259352,0.0220686491229996,Linear VAR
c_0.2_noise_0.5,0.2,0.5,20,KSG,200,0,-0.0078190735327025,0.0037165119441692,0.0037590672953581,0.0092982264359617,0.0261963637798943,Linear VAR
c_0.2_noise_0.5,0.2,0.5,30,Amortized,200,0,-0.0185133807074717,0.0040765763629871,0.0043989387463919,-0.0017959034539165,0.0159018793202342,Linear VAR
c_0.2_noise_0.5,0.2,0.5,30,KSG,200,0,-0.00416643545139,0.0050508106931914,0.005042915824096,0.0115502645757886,0.0312496018026925,Linear VAR
c_0.2_noise_0.5,0.2,0.5,50,Amortized,200,0,-0.0125357040774515,0.0021657831817238,0.0023120981425327,0.0065808301967357,0.0194804989296222,Linear VAR
c_0.2_noise_0.5,0.2,0.5,50,KSG,200,0,0.0062131947495249,0.0029766982128709,0.0030004185108021,0.0242180543296025,0.0393410724507085,Linear VAR
c_0.2_noise_0.5,0.2,0.5,100,Amortized,200,0,-0.0130905695569209,0.001231345766843,0.0013965520493333,0.0076124988164507,0.0173390993509686,Linear VAR
c_0.2_noise_0.5,0.2,0.5,100,KSG,200,0,-0.0032324026822954,0.0020831036334163,0.0020831365423497,0.0160084419017323,0.0286594900149379,Linear VAR
c_0.2_noise_0.5,0.2,0.5,200,Amortized,200,0,-0.0117389102589777,0.0004939060710856,0.0006292385547985,0.0107473694521878,0.0169075473111177,Linear VAR
c_0.2_noise_0.5,0.2,0.5,200,KSG,200,0,-0.0034367961992435,0.0012655590516155,0.0012710428244726,0.017199171011135,0.0270599738716391,Linear VAR
c_0.2_noise_1.0,0.2,1.0,10,Amortized,200,0,-0.0355627365123921,0.0194882789291648,0.0206555457627688,-0.0293439998113914,0.0093512640678688,Linear VAR
c_0.2_noise_1.0,0.2,1.0,10,KSG,200,0,-0.0040312495930118,0.0030584071240793,0.0030593660617401,0.0138705326896139,0.029199705405624,Linear VAR
c_0.2_noise_1.0,0.2,1.0,20,Amortized,200,0,-0.0309670903992348,0.0104433254418729,0.0113500695024579,-0.0195638921341765,0.0087624486169684,Linear VAR
c_0.2_noise_1.0,0.2,1.0,20,KSG,200,0,-0.0090096990642919,0.0035951749560992,0.0036583737585478,0.0082466683394705,0.0248666708132072,Linear VAR
c_0.2_noise_1.0,0.2,1.0,30,Amortized,200,0,-0.0224941963863068,0.0063612954105191,0.0068354778045322,-0.0079816850925595,0.0141260296012075,Linear VAR
c_0.2_noise_1.0,0.2,1.0,30,KSG,200,0,0.000946396776405,0.0037238319031923,0.0037061084105348,0.0180553802894376,0.034970150544634,Linear VAR
c_0.2_noise_1.0,0.2,1.0,50,Amortized,200,0,-0.0228546092521839,0.0043577926119866,0.0048583368129966,-0.0064372558859441,0.0118607746628377,Linear VAR
c_0.2_noise_1.0,0.2,1.0,50,KSG,200,0,-0.0022717196259128,0.0032742708142958,0.0032630601702831,0.0153641891414826,0.0312251088879532,Linear VAR
c_0.2_noise_1.0,0.2,1.0,100,Amortized,200,0,-0.0227321800601177,0.0028356011772162,0.0033381751816158,-0.0045459352268475,0.0102143123878736,Linear VAR
c_0.2_noise_1.0,0.2,1.0,100,KSG,200,0,0.0017146525111162,0.0018722713296916,0.001865850006277,0.0212841396537752,0.0332779026497188,Linear VAR
c_0.2_noise_1.0,0.2,1.0,200,Amortized,200,0,-0.0294299330722981,0.0011460718168942,0.0020064624184496,-0.0085554454466658,0.0008283165833312,Linear VAR
c_0.2_noise_1.0,0.2,1.0,200,KSG,200,0,-0.001046821297834,0.0014473976834232,0.0014412565298356,0.0192468236914764,0.0297922709941171,Linear VAR
c_0.4_noise_0.3,0.4,0.3,10,Amortized,200,0,-0.0335904116868849,0.0045631322525511,0.0056686323485827,0.0491000174519843,0.0678241883876495,Linear VAR
c_0.4_noise_0.3,0.4,0.3,10,KSG,200,0,-0.0543265225432098,0.0035830845807125,0.0065165402094468,0.0294299756323169,0.046022008494667,Linear VAR
c_0.4_noise_0.3,0.4,0.3,20,Amortized,200,0,-0.0272154235780116,0.0023934254637228,0.0031221376169348,0.0580567579758684,0.0716174240815121,Linear VAR
c_0.4_noise_0.3,0.4,0.3,20,KSG,200,0,-0.0352458994672402,0.0060084445415219,0.0072206757480691,0.046063701067686,0.0675495292112372,Linear VAR
c_0.4_noise_0.3,0.4,0.3,30,Amortized,200,0,-0.0235477482020731,0.0020813883396377,0.0026254778433277,0.0621818472032027,0.0748276856060547,Linear VAR
c_0.4_noise_0.3,0.4,0.3,30,KSG,200,0,-0.0322045974060852,0.0056578785686119,0.0066667252698569,0.0494231135311992,0.070272720870034,Linear VAR
c_0.4_noise_0.3,0.4,0.3,50,Amortized,200,0,-0.0182052476346369,0.0010312284529978,0.0013575033521713,0.0693966674478229,0.0782978664963069,Linear VAR
c_0.4_noise_0.3,0.4,0.3,50,KSG,200,0,-0.0194389937516818,0.0041746297594013,0.0045316310886822,0.0636588411612186,0.0815682005488215,Linear VAR
c_0.4_noise_0.3,0.4,0.3,100,Amortized,200,0,-0.0133689127504702,0.0006418373244446,0.0008173559659521,0.0751724181059939,0.0821947856064692,Linear VAR
c_0.4_noise_0.3,0.4,0.3,100,KSG,200,0,-0.0044432428998448,0.0035878964281663,0.0035896993534925,0.0793076866418095,0.0959108567719045,Linear VAR
c_0.4_noise_0.3,0.4,0.3,200,Amortized,200,0,-0.015360437327611,0.0003314414385561,0.0005657272662588,0.0741689191089029,0.0792152354492787,Linear VAR
c_0.4_noise_0.3,0.4,0.3,200,KSG,200,0,-0.0074953118593273,0.001848095944964,0.0018950351651078,0.0785991638996604,0.0905152415950886,Linear VAR
c_0.4_noise_0.5,0.4,0.5,10,Amortized,200,0,-0.0484873694419735,0.0105111294739112,0.012809598821944,0.0293560714815183,0.0577742188479379,Linear VAR
c_0.4_noise_0.5,0.4,0.5,10,KSG,200,0,-0.0632193796860668,0.0039917532057095,0.007968484407572,0.0200767889033016,0.0375894809379681,Linear VAR
c_0.4_noise_0.5,0.4,0.5,20,Amortized,200,0,-0.0249128390490883,0.0048392920217834,0.0054357451111603,0.057498455657911,0.0767808954573157,Linear VAR
c_0.4_noise_0.5,0.4,0.5,20,KSG,200,0,-0.0348564252374794,0.0056938759688658,0.0068803769693575,0.0467381751598793,0.067654003578565,Linear VAR
c_0.4_noise_0.5,0.4,0.5,30,Amortized,200,0,-0.0263642285406464,0.0028929364378662,0.0035735443022203,0.0582339233770969,0.0731426487550136,Linear VAR
c_0.4_noise_0.5,0.4,0.5,30,KSG,200,0,-0.0249139920321739,0.0059244341782525,0.0065155190063405,0.0564709768541722,0.0778060682948833,Linear VAR
c_0.4_noise_0.5,0.4,0.5,50,Amortized,200,0,-0.0288271866977089,0.0022812099323188,0.0031008105755617,0.0566058505595353,0.0698448052584501,Linear VAR
c_0.4_noise_0.5,0.4,0.5,50,KSG,200,0,-0.0243535947378543,0.0043020576989266,0.0048736449870876,0.0586085995070018,0.0767892402306928,Linear VAR
c_0.4_noise_0.5,0.4,0.5,100,Amortized,200,0,-0.0184935765802735,0.0010690294060166,0.001405696633717,0.0690275015179059,0.0780903745349504,Linear VAR
c_0.4_noise_0.5,0.4,0.5,100,KSG,200,0,-0.003779991175135,0.0029865461250557,0.0029859017277146,0.0806985166999831,0.09584653016315,Linear VAR
c_0.4_noise_0.5,0.4,0.5,200,Amortized,200,0,-0.017900696510064,0.0006095084455768,0.0009268958388943,0.0707302047019597,0.0775734314913156,Linear VAR
c_0.4_noise_0.5,0.4,0.5,200,KSG,200,0,-0.0023714489018507,0.0019962837199538,0.0019919260712481,0.0834887626039947,0.0958733688057072,Linear VAR
c_0.4_noise_1.0,0.4,1.0,10,Amortized,200,0,-0.0356623003125067,0.0192586177371585,0.0204341243120521,0.0371569220774335,0.0756235065109567,Linear VAR
c_0.4_noise_1.0,0.4,1.0,10,KSG,200,0,-0.0603046971463844,0.0037630681167474,0.0073809092740808,0.0232459933980067,0.040249641522628,Linear VAR
c_0.4_noise_1.0,0.4,1.0,20,Amortized,200,0,-0.0399448472499724,0.0099904784554807,0.0115361168850269,0.0382549741105453,0.0659603606029135,Linear VAR
c_0.4_noise_1.0,0.4,1.0,20,KSG,200,0,-0.0436668584607321,0.0043483044519903,0.00623335745756,0.0392466063094806,0.0575247059824588,Linear VAR
c_0.4_noise_1.0,0.4,1.0,30,Amortized,200,0,-0.018943271541583,0.0081218539156835,0.0084400921828033,0.0606190641227477,0.0855994220074898,Linear VAR
c_0.4_noise_1.0,0.4,1.0,30,KSG,200,0,-0.025762787006614,0.0055334761054312,0.0061695299192522,0.0559801684905467,0.076599286709629,Linear VAR
c_0.4_noise_1.0,0.4,1.0,50,Amortized,200,0,-0.0166468390762682,0.0039341755179126,0.0041916218915542,0.0667127103661145,0.0840986406947527,Linear VAR
c_0.4_noise_1.0,0.4,1.0,50,KSG,200,0,-0.0235736820081448,0.0042764427177613,0.0048107789875937,0.0594156150836365,0.0775420501134774,Linear VAR
c_0.4_noise_1.0,0.4,1.0,100,Amortized,200,0,-0.0125531551182146,0.0021582517464561,0.0023050421911458,0.073060749425288,0.0859379695516863,Linear VAR
c_0.4_noise_1.0,0.4,1.0,100,KSG,200,0,-0.0088484579802691,0.0027317733184172,0.0027964096604537,0.0759603074659386,0.0904478057869268,Linear VAR
c_0.4_noise_1.0,0.4,1.0,200,Amortized,200,0,-0.0147747341334697,0.0010522815323096,0.0012653128933628,0.0727819798023167,0.0817735811441476,Linear VAR
c_0.4_noise_1.0,0.4,1.0,200,KSG,200,0,-0.0065703115615368,0.0015880431417683,0.0016232719200751,0.0799592389255019,0.0910051671648282,Linear VAR
c_0.6_noise_0.3,0.6,0.3,10,Amortized,200,0,-0.0882858865254041,0.0048718109657943,0.0126418496705419,0.0834353268764636,0.1027824450113155,Linear VAR
c_0.6_noise_0.3,0.6,0.3,10,KSG,200,0,-0.1201038994534207,0.0046038340149664,0.019005761508809,0.051887126753905,0.0706946192778409,Linear VAR
c_0.6_noise_0.3,0.6,0.3,20,Amortized,200,0,-0.0770428209297772,0.00324963321631,0.0091689813070462,0.0964513847991564,0.1122525182798764,Linear VAR
c_0.6_noise_0.3,0.6,0.3,20,KSG,200,0,-0.0877069334926098,0.007808385718384,0.0154618499724692,0.081441064998255,0.1059346129551127,Linear VAR
c_0.6_noise_0.3,0.6,0.3,30,Amortized,200,0,-0.0713632585995312,0.0017695483830597,0.006853415319088,0.104201463669137,0.1158615640703877,Linear VAR
c_0.6_noise_0.3,0.6,0.3,30,KSG,200,0,-0.0621924370943627,0.0059436976719931,0.0097818784153694,0.1085174607905643,0.1298872099592976,Linear VAR
c_0.6_noise_0.3,0.6,0.3,50,Amortized,200,0,-0.0639846395247098,0.001315085262247,0.0054025439310428,0.1123841845050113,0.1224360813841563,Linear VAR
c_0.6_noise_0.3,0.6,0.3,50,KSG,200,0,-0.0415287877180197,0.0065029178628314,0.0081950434828456,0.1286897579143997,0.1510422115881481,Linear VAR
c_0.6_noise_0.3,0.6,0.3,100,Amortized,200,0,-0.0585689344995137,0.0006623831205878,0.0040893912933931,0.1192588988085031,0.1263927771310568,Linear VAR
c_0.6_noise_0.3,0.6,0.3,100,KSG,200,0,-0.0168590324436753,0.0035858708811091,0.0038521685016404,0.1562364986214691,0.1728349814297675,Linear VAR
c_0.6_noise_0.3,0.6,0.3,200,Amortized,200,0,-0.0586802894466039,0.0003504884607976,0.0037921123880308,0.1201198380845526,0.1253091279608269,Linear VAR
c_0.6_noise_0.3,0.6,0.3,200,KSG,200,0,-0.0102127291764708,0.0019854836263227,0.002079856045423,0.1650065133969833,0.1773575731886623,Linear VAR
c_0.6_noise_0.5,0.6,0.5,10,Amortized,200,0,-0.0849056123190034,0.0104041426136843,0.0175610849038808,0.0823525844926682,0.1106257358079107,Linear VAR
c_0.6_noise_0.5,0.6,0.5,10,KSG,200,0,-0.1216364391359597,0.0040690762041183,0.0188441541487737,0.0509175858689666,0.0685990807976999,Linear VAR
c_0.6_noise_0.5,0.6,0.5,20,Amortized,200,0,-0.0737016844742407,0.0046871806488494,0.0100956830399457,0.0982046020303106,0.1171815739597939,Linear VAR
c_0.6_noise_0.5,0.6,0.5,20,KSG,200,0,-0.0881501209918144,0.0067365182149987,0.0144732794547953,0.081869457330841,0.104619845624116,Linear VAR
c_0.6_noise_0.5,0.6,0.5,30,Amortized,200,0,-0.0693261188857664,0.0036987033069782,0.0084863205502067,0.103639852178793,0.12049745498826,Linear VAR
c_0.6_noise_0.5,0.6,0.5,30,KSG,200,0,-0.0751639054182293,0.0060894092142704,0.0117085748459196,0.095415814014314,0.1170459200878133,Linear VAR
c_0.6_noise_0.5,0.6,0.5,50,Amortized,200,0,-0.0653285189859975,0.0021595230187298,0.00641654079654,0.1096257474361153,0.1225067595304754,Linear VAR
c_0.6_noise_0.5,0.6,0.5,50,KSG,200,0,-0.0494402608513136,0.0049750453128744,0.007394509479356,0.1221789978018317,0.1417300254341269,Linear VAR
c_0.6_noise_0.5,0.6,0.5,100,Amortized,200,0,-0.0577551670663465,0.0009616744442194,0.0042925253948599,0.1193417172326275,0.1279374935732654,Linear VAR
c_0.6_noise_0.5,0.6,0.5,100,KSG,200,0,-0.0214879951591343,0.003539917321534,0.0039839516708853,0.1516608854898626,0.1681526691304546,Linear VAR
c_0.6_noise_0.5,0.6,0.5,200,Amortized,200,0,-0.0557151594154943,0.0004425108526901,0.0035444772871206,0.1227641802457111,0.128595045861886,Linear VAR
c_0.6_noise_0.5,0.6,0.5,200,KSG,200,0,-0.0111765645253752,0.0019128242916319,0.0020281757647637,0.1641567288345198,0.1762796870533157,Linear VAR
c_0.6_noise_1.0,0.6,1.0,10,Amortized,200,0,-0.0653637496523969,0.020465969455957,0.0246360593772984,0.0962040124192085,0.1358580332145842,Linear VAR
c_0.6_noise_1.0,0.6,1.0,10,KSG,200,0,-0.1314156058026268,0.0038338184519457,0.0210847108081573,0.0413977923696805,0.0585605409636526,Linear VAR
c_0.6_noise_1.0,0.6,1.0,20,Amortized,200,0,-0.0438217454247586,0.0120644688067893,0.0139244918348277,0.122350204808142,0.1527958492809273,Linear VAR
c_0.6_noise_1.0,0.6,1.0,20,KSG,200,0,-0.0866782104934724,0.0073108241983773,0.0147873822517361,0.0828664011666829,0.106566722784959,Linear VAR
c_0.6_noise_1.0,0.6,1.0,30,Amortized,200,0,-0.0438400383584612,0.0066815574713696,0.0085700986472841,0.1262260379850608,0.1488834302366035,Linear VAR
c_0.6_noise_1.0,0.6,1.0,30,KSG,200,0,-0.0677539156497663,0.006423486314454,0.0109819619687574,0.1025330971386537,0.1247486165004002,Linear VAR
c_0.6_noise_1.0,0.6,1.0,50,Amortized,200,0,-0.0388583427958601,0.004823527938106,0.006309381103256,0.1329109258094716,0.1521619335373949,Linear VAR
c_0.6_noise_1.0,0.6,1.0,50,KSG,200,0,-0.0462134066714813,0.0057261135903257,0.0078331619785578,0.1246938880341656,0.1456688435614584,Linear VAR
c_0.6_noise_1.0,0.6,1.0,100,Amortized,200,0,-0.0297968481176012,0.0022698835186035,0.0031463862587538,0.1449949006030345,0.1582009481003497,Linear VAR
c_0.6_noise_1.0,0.6,1.0,100,KSG,200,0,-0.0293562040103403,0.0036439190363154,0.0044874861550305,0.1436724225810983,0.1604047143368078,Linear VAR
c_0.6_noise_1.0,0.6,1.0,200,Amortized,200,0,-0.026870488166105,0.0012035884280933,0.0019195936202376,0.1497161114145728,0.1593324571918038,Linear VAR
c_0.6_noise_1.0,0.6,1.0,200,KSG,200,0,-0.0139236266644039,0.0022327720280101,0.0024154755473597,0.16092232261946,0.1740199689903188,Linear VAR
c_0.8_noise_0.3,0.8,0.3,10,Amortized,200,0,-0.1707752139007345,0.0051628426026412,0.0343012020724697,0.0999665428662622,0.1198831571077977,Linear VAR
c_0.8_noise_0.3,0.8,0.3,10,KSG,200,0,-0.2207576035703043,0.0054952399587696,0.0542016832930794,0.0496685823189609,0.0702163383159595,Linear VAR
c_0.8_noise_0.3,0.8,0.3,20,Amortized,200,0,-0.1460133415495649,0.0032693552489462,0.0245729043831714,0.1267622175825849,0.1426112270938143,Linear VAR
c_0.8_noise_0.3,0.8,0.3,20,KSG,200,0,-0.1550932410440705,0.0067358131368469,0.0307560474887168,0.1142322240053809,0.1369814216820072,Linear VAR
c_0.8_noise_0.3,0.8,0.3,30,Amortized,200,0,-0.138585814896752,0.0021301517874922,0.0213255291191515,0.1357176908904282,0.1485108070915968,Linear VAR
c_0.8_noise_0.3,0.8,0.3,30,KSG,200,0,-0.1201888924933838,0.0069662714214462,0.0213768099431251,0.1489436244866245,0.1720787183021368,Linear VAR
c_0.8_noise_0.3,0.8,0.3,50,Amortized,200,0,-0.1343984452521101,0.0012205181005778,0.0192773575962593,0.1414597479562684,0.1511434893150404,Linear VAR
c_0.8_noise_0.3,0.8,0.3,50,KSG,200,0,-0.0829293616936839,0.0062199249133099,0.0130661043196652,0.1868403628702143,0.2087010415179468,Linear VAR
c_0.8_noise_0.3,0.8,0.3,100,Amortized,200,0,-0.1300334106122747,0.0006467250869426,0.0175521793369683,0.1471421255808909,0.1541911809700886,Linear VAR
c_0.8_noise_0.3,0.8,0.3,100,KSG,200,0,-0.0580565970272797,0.0044978796764149,0.0078459587364207,0.2133485611146164,0.2319383726063532,Linear VAR
c_0.8_noise_0.3,0.8,0.3,200,Amortized,200,0,-0.120273461047341,0.000266459151525,0.0147308322880736,0.158164270552166,0.1626889351286811,Linear VAR
c_0.8_noise_0.3,0.8,0.3,200,KSG,200,0,-0.0206967494179153,0.0025941356349203,0.0030095203932136,0.2529444082319432,0.2670622207077553,Linear VAR
c_0.8_noise_0.5,0.8,0.5,10,Amortized,200,0,-0.1602144150470994,0.0101046279110436,0.0357227635603726,0.1065540411475341,0.1344172565337974,Linear VAR
c_0.8_noise_0.5,0.8,0.5,10,KSG,200,0,-0.2125339924591938,0.0047890924589801,0.0499358449473299,0.0585749876549777,0.0777571552021649,Linear VAR
c_0.8_noise_0.5,0.8,0.5,20,Amortized,200,0,-0.1332561792766354,0.0053727937045304,0.0231031390514145,0.137285113943543,0.1576026552787164,Linear VAR
c_0.8_noise_0.5,0.8,0.5,20,KSG,200,0,-0.1619550961061487,0.0064705718311723,0.0326676721267683,0.1075965713169602,0.1298933642462726,Linear VAR
c_0.8_noise_0.5,0.8,0.5,30,Amortized,200,0,-0.1229806518589756,0.0034983354885144,0.0186050845427304,0.1495220936829287,0.1659167303746502,Linear VAR
c_0.8_noise_0.5,0.8,0.5,30,KSG,200,0,-0.1122489340226409,0.0068867334382089,0.019452122960237,0.1569498092504679,0.1799524504797804,Linear VAR
c_0.8_noise_0.5,0.8,0.5,50,Amortized,200,0,-0.1205266734396718,0.0020107448873645,0.016527370173361,0.1539586991607889,0.1663880817353979,Linear VAR
c_0.8_noise_0.5,0.8,0.5,50,KSG,200,0,-0.0887542859331293,0.0067694980804564,0.0146129738615538,0.1805427731256705,0.2033487827836012,Linear VAR
c_0.8_noise_0.5,0.8,0.5,100,Amortized,200,0,-0.113761762026479,0.0008041529813769,0.0137418707158393,0.1630081402276775,0.1708684634948947,Linear VAR
c_0.8_noise_0.5,0.8,0.5,100,KSG,200,0,-0.0472795091633353,0.0038047914792604,0.0060211195085901,0.2248717282123501,0.2419693812365094,Linear VAR
c_0.8_noise_0.5,0.8,0.5,200,Amortized,200,0,-0.1061912814413808,0.0005557810864377,0.011829590435168,0.1712414527862037,0.177776112106565,Linear VAR
c_0.8_noise_0.5,0.8,0.5,200,KSG,200,0,-0.0198580489457786,0.0026245118710822,0.0030057314196597,0.2537419005753198,0.2679421293086533,Linear VAR
c_0.8_noise_1.0,0.8,1.0,10,Amortized,200,0,-0.0947904341553944,0.0258236911076197,0.0346797990594498,0.1636380905220876,0.208181168942653,Linear VAR
c_0.8_noise_1.0,0.8,1.0,10,KSG,200,0,-0.2179274448401458,0.0037734001531656,0.0512469043669546,0.054259131504784,0.0712861065904539,Linear VAR
c_0.8_noise_1.0,0.8,1.0,20,Amortized,200,0,-0.0794392795895833,0.0131728432988557,0.0194175782240734,0.1853540569765599,0.217167511619803,Linear VAR
c_0.8_noise_1.0,0.8,1.0,20,KSG,200,0,-0.1499557376161261,0.0070935034285282,0.029544759155382,0.119071622477951,0.1424170300653263,Linear VAR
c_0.8_noise_1.0,0.8,1.0,30,Amortized,200,0,-0.0737525345718163,0.0073906125543294,0.0127930958473247,0.19503287926051,0.2188621793713869,Linear VAR
c_0.8_noise_1.0,0.8,1.0,30,KSG,200,0,-0.1232405713046524,0.0074205216403681,0.0225716574476634,0.1455207581582166,0.1693982270080081,Linear VAR
c_0.8_noise_1.0,0.8,1.0,50,Amortized,200,0,-0.0684242059027451,0.0053466381632422,0.0100017769258473,0.2021418446714524,0.2224098712985868,Linear VAR
c_0.8_noise_1.0,0.8,1.0,50,KSG,200,0,-0.0887757242084328,0.0077042131889611,0.015546821331748,0.1797595327785395,0.2040891465801244,Linear VAR
c_0.8_noise_1.0,0.8,1.0,100,Amortized,200,0,-0.0574357728397149,0.0027213657794472,0.0060066269522453,0.2160343537114181,0.2304942283846817,Linear VAR
c_0.8_noise_1.0,0.8,1.0,100,KSG,200,0,-0.0463870161956008,0.0036664419535235,0.0057998650152869,0.2259210862382914,0.2427050091460364,Linear VAR
c_0.8_noise_1.0,0.8,1.0,200,Amortized,200,0,-0.0525296810304421,0.0013959516756247,0.0041483393064066,0.2229922133172824,0.2333485523973629,Linear VAR
c_0.8_noise_1.0,0.8,1.0,200,KSG,200,0,-0.0209869005250086,0.002681840478202,0.0031088812694576,0.2525359221166154,0.2668904046088969,Linear VAR
c_0.0_noise_0.3,0.0,0.3,10,Fourier_classical,200,0,-0.023817414522170788,0.001611573817531339,0.002170785182964594,-0.02938114617342289,-0.01825368287091913,Linear VAR
c_0.0_noise_0.3,0.0,0.3,20,Fourier_classical,200,0,-0.039709137439727524,0.0014241676347758522,0.0029938623928091436,-0.04493937758036896,-0.034478897299086535,Linear VAR
c_0.0_noise_0.3,0.0,0.3,30,Fourier_classical,200,0,-0.041075610637664565,0.0009199873614968147,0.002602593213946353,-0.04527931343872373,-0.03687190783660584,Linear VAR
c_0.0_noise_0.3,0.0,0.3,50,Fourier_classical,200,0,-0.04623224258422827,0.000699027860160712,0.0028329529752268378,-0.0498965197486863,-0.04256796541977068,Linear VAR
c_0.0_noise_0.3,0.0,0.3,100,Fourier_classical,200,0,-0.04829744958877544,0.0003309316059983813,0.002661920584748694,-0.05081866641563068,-0.04577623276192064,Linear VAR
c_0.0_noise_0.3,0.0,0.3,200,Fourier_classical,200,0,-0.049329828977584596,0.00017715308081253433,0.002609699342366216,-0.051174485145071634,-0.047485172810098,Linear VAR
c_0.0_noise_0.5,0.0,0.5,10,Fourier_classical,200,0,-0.0404954674243927,0.004988367967027983,0.006603309009112894,-0.0502840613944516,-0.030706873454333802,Linear VAR
c_0.0_noise_0.5,0.0,0.5,20,Fourier_classical,200,0,-0.05431881904602049,0.002903959069510379,0.005839973376717145,-0.061787369494879715,-0.046850268597161265,Linear VAR
c_0.0_noise_0.5,0.0,0.5,30,Fourier_classical,200,0,-0.0630066466331482,0.002023092586085234,0.005982814643109211,-0.06924039048363846,-0.05677290278265794,Linear VAR
c_0.0_noise_0.5,0.0,0.5,50,Fourier_classical,200,0,-0.07120518231391909,0.0011876210566708048,0.0062518609397459075,-0.075981354971658,-0.06642900965618018,Linear VAR
c_0.0_noise_0.5,0.0,0.5,100,Fourier_classical,200,0,-0.07593141794204712,0.0006164249569850665,0.006378923062889975,-0.0793723902717483,-0.07249044561234594,Linear VAR
c_0.0_noise_0.5,0.0,0.5,200,Fourier_classical,200,0,-0.07414477443695068,0.00034032775982617124,0.005836073697333335,-0.07670153324660424,-0.07158801562729712,Linear VAR
c_0.0_noise_1.0,0.0,1.0,10,Fourier_classical,200,0,-0.021442052841186107,0.012570284696741537,0.012967194903302044,-0.036980715217820245,-0.005903390464552859,Linear VAR
c_0.0_noise_1.0,0.0,1.0,20,Fourier_classical,200,0,-0.027143886566161672,0.005153237189379196,0.005864261581348953,-0.03709292571241114,-0.01719484741991309,Linear VAR
c_0.0_noise_1.0,0.0,1.0,30,Fourier_classical,200,0,-0.026369330406188544,0.0042141633146396155,0.004888434084137156,-0.03536631039658564,-0.017372350415792336,Linear VAR
c_0.0_noise_1.0,0.0,1.0,50,Fourier_classical,200,0,-0.03102129745483356,0.002379116917600669,0.003329542228793929,-0.037781332791522244,-0.024261262118145766,Linear VAR
c_0.0_noise_1.0,0.0,1.0,100,Fourier_classical,200,0,-0.03454153299331622,0.001232143921158041,0.0024191007030806037,-0.03940640919293405,-0.029676656793699283,Linear VAR
c_0.0_noise_1.0,0.0,1.0,200,Fourier_classical,200,0,-0.038520149707793765,0.0005182158875715673,0.0019994267416445534,-0.041675128434897554,-0.03536517098069086,Linear VAR
c_0.2_noise_0.3,0.2,0.3,10,Fourier_classical,200,0,-0.03563989621516973,0.0014780401542211926,0.0027408521556781563,-0.015401772621670605,-0.0047452825274077355,Linear VAR
c_0.2_noise_0.3,0.2,0.3,20,Fourier_classical,200,0,-0.04150830799457343,0.0011303460208892978,0.00284763392335722,-0.02060151941755823,-0.011282359290327526,Linear VAR
c_0.2_noise_0.3,0.2,0.3,30,Fourier_classical,200,0,-0.05095770150539192,0.0007523814646085182,0.0033453068999980975,-0.029192877704980986,-0.021589788024541746,Linear VAR
c_0.2_noise_0.3,0.2,0.3,50,Fourier_classical,200,0,-0.05095489484187874,0.0004812911244212452,0.0030752859771460595,-0.02842902614663271,-0.022348026255863664,Linear VAR
c_0.2_noise_0.3,0.2,0.3,100,Fourier_classical,200,0,-0.052040402711599196,0.00027118301607176277,0.002978030615376825,-0.028756331898314235,-0.024191736243623047,Linear VAR
c_0.2_noise_0.3,0.2,0.3,200,Fourier_classical,200,0,-0.05377217871066842,0.00014410646400051064,0.0030348331349725702,-0.0298695399040319,-0.026542080236043833,Linear VAR
c_0.2_noise_0.5,0.2,0.5,10,Fourier_classical,200,0,-0.05053253179904742,0.004197716738442162,0.00673026492477169,-0.0339455697708827,-0.015986756545950814,Linear VAR
c_0.2_noise_0.5,0.2,0.5,20,Fourier_classical,200,0,-0.05957831174251358,0.002691744370659222,0.006227860878894058,-0.04120242471799336,-0.026821461485772465,Linear VAR
c_0.2_noise_0.5,0.2,0.5,30,Fourier_classical,200,0,-0.08009490591403762,0.0019028874991124211,0.008308567014995397,-0.06057425171282198,-0.048482822833991926,Linear VAR
c_0.2_noise_0.5,0.2,0.5,50,Fourier_classical,200,0,-0.08242710596439168,0.0012784801019482693,0.00806631549910358,-0.06181624393744062,-0.05190523071008139,Linear VAR
c_0.2_noise_0.5,0.2,0.5,100,Fourier_classical,200,0,-0.08790752011653702,0.0008100080524842146,0.008533690105261154,-0.06628559499459398,-0.05839670795721874,Linear VAR
c_0.2_noise_0.5,0.2,0.5,200,Fourier_classical,200,0,-0.0904927838456325,0.00036821756661080765,0.008555320406910118,-0.06758587436420327,-0.0622669560458004,Linear VAR
c_0.2_noise_1.0,0.2,1.0,10,Fourier_classical,200,0,-0.026611962856023963,0.010030494754191745,0.010688538847471184,-0.014926002827480654,0.012834814396694504,Linear VAR
c_0.2_noise_1.0,0.2,1.0,20,Fourier_classical,200,0,-0.04314188224193401,0.005273355792401154,0.007108211016816048,-0.02763983762532189,-0.00751118957728435,Linear VAR
c_0.2_noise_1.0,0.2,1.0,30,Fourier_classical,200,0,-0.050728789867132404,0.004095211162087681,0.006648145227660917,-0.03403151452860294,-0.016293327924400105,Linear VAR
c_0.2_noise_1.0,0.2,1.0,50,Fourier_classical,200,0,-0.05509905082103554,0.0022778490715470072,0.0053023652275683295,-0.036147281561038,-0.02291808279977132,Linear VAR
c_0.2_noise_1.0,0.2,1.0,100,Fourier_classical,200,0,-0.05434026605006999,0.000996775719957915,0.0039446563557505145,-0.033149519425673096,-0.024398275393205108,Linear VAR
c_0.2_noise_1.0,0.2,1.0,200,Fourier_classical,200,0,-0.05909491211292092,0.0005557367076857516,0.004045166661781171,-0.03679574268281086,-0.030261344261769206,Linear VAR
c_0.4_noise_0.3,0.4,0.3,10,Fourier_classical,200,0,-0.08888696771262845,0.0018859888655729236,0.009777451950390911,-0.002853263131996843,0.009184356920143813,Linear VAR
c_0.4_noise_0.3,0.4,0.3,20,Fourier_classical,200,0,-0.10061329298614223,0.0013409677079277262,0.011457297594903387,-0.013635944163321222,-0.003485612595559355,Linear VAR
c_0.4_noise_0.3,0.4,0.3,30,Fourier_classical,200,0,-0.10564321165679656,0.0009714138037761648,0.01212704490392,-0.017910293830227294,-0.009271100269961943,Linear VAR
c_0.4_noise_0.3,0.4,0.3,50,Fourier_classical,200,0,-0.10570794110892973,0.000489900016919636,0.011661619330323995,-0.016722998754839354,-0.010587854249616231,Linear VAR
c_0.4_noise_0.3,0.4,0.3,100,Fourier_classical,200,0,-0.10676765828727446,0.0002469235743252978,0.011645021812601875,-0.01689296553178999,-0.012537321829355037,Linear VAR
c_0.4_noise_0.3,0.4,0.3,200,Fourier_classical,200,0,-0.11011282616256436,0.00014201207833646485,0.0122661365034519,-0.019711907148217526,-0.01640871596350731,Linear VAR
c_0.4_noise_0.5,0.4,0.5,10,Fourier_classical,200,0,-0.11244064980148014,0.005933339433786844,0.018546572464397,-0.031063695313300426,-0.009712575076256402,Linear VAR
c_0.4_noise_0.5,0.4,0.5,20,Fourier_classical,200,0,-0.12788343077300723,0.003427354515895736,0.019764389609590795,-0.043944646845920504,-0.027717185486690554,Linear VAR
c_0.4_noise_0.5,0.4,0.5,30,Fourier_classical,200,0,-0.1384937589704865,0.0024477722988249543,0.021616054711106038,-0.05329812487286684,-0.03958436385470268,Linear VAR
c_0.4_noise_0.5,0.4,0.5,50,Fourier_classical,200,0,-0.14564723020194703,0.0014398193445172758,0.022645735913293646,-0.058853617568993065,-0.04833581362149759,Linear VAR
c_0.4_noise_0.5,0.4,0.5,100,Fourier_classical,200,0,-0.14878711586593327,0.0008664314951182932,0.022999705185345352,-0.06081411301411499,-0.05265508950434811,Linear VAR
c_0.4_noise_0.5,0.4,0.5,200,Fourier_classical,200,0,-0.15645627241729437,0.00030265956928264884,0.024779711450150867,-0.0668148747730773,-0.06199264084810804,Linear VAR
c_0.4_noise_1.0,0.4,1.0,10,Fourier_classical,200,0,-0.09845941191314413,0.010806210816933736,0.02044643555713126,-0.020814037805918936,0.008000243193034568,Linear VAR
c_0.4_noise_1.0,0.4,1.0,20,Fourier_classical,200,0,-0.1110478373110171,0.004688022104507356,0.01699620416543894,-0.02848466033048155,-0.009505985078148756,Linear VAR
c_0.4_noise_1.0,0.4,1.0,30,Fourier_classical,200,0,-0.10699060731528956,0.0036809547330991055,0.015109540013128102,-0.023346646598131744,-0.006529538819043499,Linear VAR
c_0.4_noise_1.0,0.4,1.0,50,Fourier_classical,200,0,-0.1156860306799289,0.002608123897990791,0.015978340972978285,-0.030711428465493983,-0.01655560368095993,Linear VAR
c_0.4_noise_1.0,0.4,1.0,100,Fourier_classical,200,0,-0.12083237629531582,0.0011958057545401607,0.015790289886940263,-0.03357246400188873,-0.02398725937533904,Linear VAR
c_0.4_noise_1.0,0.4,1.0,200,Fourier_classical,200,0,-0.12120563655494415,0.0005062766032947342,0.015194551552967476,-0.0322715447861661,-0.02603469911031833,Linear VAR
c_0.6_noise_0.3,0.6,0.3,10,Fourier_classical,200,0,-0.17534222048450676,0.0021460988849521566,0.03288026267496477,-0.00036790496017896374,0.012473008929752862,Linear VAR
c_0.6_noise_0.3,0.6,0.3,20,Fourier_classical,200,0,-0.1763968829505559,0.0014242835842693561,0.03253302248102012,-0.00023256352919654843,0.010228342566672165,Linear VAR
c_0.6_noise_0.3,0.6,0.3,30,Fourier_classical,200,0,-0.18553799337078297,0.0011910324143393567,0.03560942423632437,-0.008926248249793944,0.0006398064468153882,Linear VAR
c_0.6_noise_0.3,0.6,0.3,50,Fourier_classical,200,0,-0.1875062291019078,0.0005336216391352385,0.0356895394829567,-0.009312988210548292,-0.0029099250546799496,Linear VAR
c_0.6_noise_0.3,0.6,0.3,100,Fourier_classical,200,0,-0.19184146922756393,0.00034638520779165183,0.03714780259714305,-0.013026108914413949,-0.007867284602126486,Linear VAR
c_0.6_noise_0.3,0.6,0.3,200,Fourier_classical,200,0,-0.19221484392811022,0.0001685279249221355,0.037114231511605304,-0.012619261382616792,-0.009020881535016276,Linear VAR
c_0.6_noise_0.5,0.6,0.5,10,Fourier_classical,200,0,-0.19355981224704874,0.006126864332251848,0.04356163092770335,-0.02301330277668294,-0.00131677677882849,Linear VAR
c_0.6_noise_0.5,0.6,0.5,20,Fourier_classical,200,0,-0.22201928847957747,0.0035524905939837217,0.05282729259799163,-0.04888503895554881,-0.03236399306502005,Linear VAR
c_0.6_noise_0.5,0.6,0.5,30,Fourier_classical,200,0,-0.22410946720768105,0.0026723325023252737,0.05288402413192432,-0.04987920188854594,-0.035550187588230114,Linear VAR
c_0.6_noise_0.5,0.6,0.5,50,Fourier_classical,200,0,-0.230288770138513,0.0015779041949472903,0.054602932325881426,-0.054399302726757436,-0.04338869261168251,Linear VAR
c_0.6_noise_0.5,0.6,0.5,100,Fourier_classical,200,0,-0.24000366753269334,0.0008390679367968716,0.05843663302625649,-0.06262347062377956,-0.05459431950302107,Linear VAR
c_0.6_noise_0.5,0.6,0.5,200,Fourier_classical,200,0,-0.2384700450294127,0.0004123649358473666,0.057278265487498245,-0.05988964739083363,-0.05426089772940571,Linear VAR
c_0.6_noise_1.0,0.6,1.0,10,Fourier_classical,200,0,-0.18275137561489288,0.010443281788392733,0.04378913066858644,-0.015519743919857333,0.012806537628658533,Linear VAR
c_0.6_noise_1.0,0.6,1.0,20,Fourier_classical,200,0,-0.19281658714939295,0.00464122660463251,0.04179625675154879,-0.02086367258105209,-0.00197995677914687,Linear VAR
c_0.6_noise_1.0,0.6,1.0,30,Fourier_classical,200,0,-0.19660144132305327,0.0035018600855239246,0.04213647751539826,-0.023408115587278434,-0.007005222120241161,Linear VAR
c_0.6_noise_1.0,0.6,1.0,50,Fourier_classical,200,0,-0.19109822553325836,0.002186747563939111,0.038694345628079496,-0.016184428855320884,-0.0032224772726088986,Linear VAR
c_0.6_noise_1.0,0.6,1.0,100,Fourier_classical,200,0,-0.19428450006176173,0.0011101986755797735,0.038851114646450566,-0.017507594649945793,-0.00827186053499071,Linear VAR
c_0.6_noise_1.0,0.6,1.0,200,Fourier_classical,200,0,-0.20005616730381193,0.0006253207252307953,0.04064466419789543,-0.02212710695329479,-0.015195682715742133,Linear VAR
c_0.8_noise_0.3,0.8,0.3,10,Fourier_classical,200,0,-0.2609070457851187,0.002042427835273064,0.07010470223641473,0.013529556291480657,0.026056479913811083,Linear VAR
c_0.8_noise_0.3,0.8,0.3,20,Fourier_classical,200,0,-0.27732624644391696,0.0017287164625046352,0.07862991984686427,-0.0023885766603237244,0.009136211548019026,Linear VAR
c_0.8_noise_0.3,0.8,0.3,30,Fourier_classical,200,0,-0.2776600195800558,0.0009730395545856764,0.07806326083000974,-0.0012831655836198688,0.007363254199037385,Linear VAR
c_0.8_noise_0.3,0.8,0.3,50,Fourier_classical,200,0,-0.28149138731115025,0.0007304356013665902,0.07996418455371576,-0.004537015219442773,0.0029543683726714278,Linear VAR
c_0.8_noise_0.3,0.8,0.3,100,Fourier_classical,200,0,-0.28791136330716766,0.00038088242645583,0.08327193113571545,-0.009916108035065868,-0.004506490803740316,Linear VAR
c_0.8_noise_0.3,0.8,0.3,200,Fourier_classical,200,0,-0.286962642851998,0.00017661553309267878,0.08252329084803059,-0.008104434322192962,-0.004420723606273932,Linear VAR
c_0.8_noise_0.5,0.8,0.5,10,Fourier_classical,200,0,-0.2867960719501279,0.00653945124130949,0.08875874087112588,-0.017303584938881192,0.005111568814155852,Linear VAR
c_0.8_noise_0.5,0.8,0.5,20,Fourier_classical,200,0,-0.3117659336959622,0.004122915721898393,0.10130029855660404,-0.039964912744728104,-0.022166826871665872,Linear VAR
c_0.8_noise_0.5,0.8,0.5,30,Fourier_classical,200,0,-0.3177325286304257,0.00310791640459474,0.10404633657245607,-0.044758838944021405,-0.029306090541299543,Linear VAR
c_0.8_noise_0.5,0.8,0.5,50,Fourier_classical,200,0,-0.32543391770475133,0.0016129062077526288,0.10751207646937672,-0.050299884937857815,-0.03916782269611437,Linear VAR
c_0.8_noise_0.5,0.8,0.5,100,Fourier_classical,200,0,-0.327825726214578,0.0009540237561312041,0.108418960405466,-0.051406420239585686,-0.0428449044140398,Linear VAR
c_0.8_noise_0.5,0.8,0.5,200,Fourier_classical,200,0,-0.3305583190356992,0.00040245705028198805,0.10966924704873769,-0.052638613941654006,-0.0470778963542139,Linear VAR
c_0.8_noise_1.0,0.8,1.0,10,Fourier_classical,200,0,-0.272356546584298,0.011308118026348167,0.08542966590354131,-0.006394404227403661,0.023081438834337293,Linear VAR
c_0.8_noise_1.0,0.8,1.0,20,Fourier_classical,200,0,-0.28064144295804677,0.005996352118991064,0.08472598986397072,-0.010673477257569501,0.010790719117005566,Linear VAR
c_0.8_noise_1.0,0.8,1.0,30,Fourier_classical,200,0,-0.2915318264400261,0.003758329308953062,0.08873034348986582,-0.019328231781674837,-0.002335293322847839,Linear VAR
c_0.8_noise_1.0,0.8,1.0,50,Fourier_classical,200,0,-0.28352892774694144,0.002656514462110518,0.0830318847591303,-0.009972135503753695,0.00431440778540045,Linear VAR
c_0.8_noise_1.0,0.8,1.0,100,Fourier_classical,200,0,-0.2908241681491631,0.0011865853521587897,0.08575934920505068,-0.014898193854636577,-0.005350014668160018,Linear VAR
c_0.8_noise_1.0,0.8,1.0,200,Fourier_classical,200,0,-0.2876730713283318,0.0005439515191727855,0.0832970277290524,-0.010205378208327226,-0.0037406366728067655,Linear VAR
periodic_k_0.0_noise_0.1,0.0,0.1,10,Amortized,150,0,-0.0787542877197266,0.0190042486460878,0.0250797914893554,-0.1008158261367411,-0.056692749302712,Periodic Coupling
periodic_k_0.0_noise_0.1,0.0,0.1,10,KSG,150,0,0.0514227513227513,0.0059979534637286,0.0086022664609053,0.0390287371690667,0.0638167654764359,Periodic Coupling
periodic_k_0.0_noise_0.1,0.0,0.1,20,Amortized,150,0,-0.09262889734904,0.0136598003089723,0.0221488475976781,-0.1113328165224731,-0.0739249781756068,Periodic Coupling
periodic_k_0.0_noise_0.1,0.0,0.1,20,KSG,150,0,0.1098869791557485,0.0092823368063298,0.0212956027489302,0.0944685864433208,0.1253053718681762,Periodic Coupling
periodic_k_0.0_noise_0.1,0.0,0.1,30,Amortized,150,0,-0.0917263380686442,0.0104671773162622,0.018811117229637,-0.1080992238615546,-0.0753534522757338,Periodic Coupling
periodic_k_0.0_noise_0.1,0.0,0.1,30,KSG,150,0,0.14908032583616,0.0133069261993695,0.035443156909456,0.1306195769009194,0.1675410747714006,Periodic Coupling
periodic_k_0.0_noise_0.1,0.0,0.1,50,Amortized,150,0,-0.0852242304484051,0.0055676864720733,0.0127937380177824,-0.0971654264664252,-0.0732830344303849,Periodic Coupling
periodic_k_0.0_noise_0.1,0.0,0.1,50,KSG,150,0,0.2349141759257552,0.0249329728072334,0.0799514230393952,0.2096446279366217,0.2601837239148887,Periodic Coupling
periodic_k_0.0_noise_0.1,0.0,0.1,100,Amortized,150,0,-0.0756913757324219,0.003955847629262,0.0096586596720003,-0.0857567567494105,-0.0656259947154333,Periodic Coupling
periodic_k_0.0_noise_0.1,0.0,0.1,100,KSG,150,0,0.2366220295627513,0.0310009873681786,0.086784298993453,0.2084448055365282,0.2647992535889745,Periodic Coupling
periodic_k_0.0_noise_0.1,0.0,0.1,200,Amortized,150,0,-0.0743793029785156,0.0017487146217389,0.0072693372358304,-0.0810715184018625,-0.0676870875551688,Periodic Coupling
periodic_k_0.0_noise_0.1,0.0,0.1,200,KSG,150,0,0.1695446630259922,0.0234123390340925,0.0520016495344625,0.145057817355528,0.1940315086964565,Periodic Coupling
periodic_k_0.0_noise_0.3,0.0,0.3,10,Amortized,150,0,-0.0610186208089193,0.016068579394876,0.0196847276176662,-0.0813047498307174,-0.0407324917871212,Periodic Coupling
periodic_k_0.0_noise_0.3,0.0,0.3,10,KSG,150,0,0.0316267195767195,0.0042457771617761,0.005217721371882,0.0211990072853684,0.0420544318680706,Periodic Coupling
periodic_k_0.0_noise_0.3,0.0,0.3,20,Amortized,150,0,-0.0490429674784343,0.0099234836932009,0.012262539794337,-0.0649849570982612,-0.0331009778586073,Periodic Coupling
periodic_k_0.0_noise_0.3,0.0,0.3,20,KSG,150,0,0.0686027902223336,0.005820168715088,0.0104877104166103,0.0563938426466462,0.0808117377980209,Periodic Coupling
periodic_k_0.0_noise_0.3,0.0,0.3,30,Amortized,150,0,-0.0460273462931312,0.0052731353323463,0.0073564977035851,-0.0576483837375655,-0.0344063088486969,Periodic Coupling
periodic_k_0.0_noise_0.3,0.0,0.3,30,KSG,150,0,0.060685731541505,0.0055227505722833,0.0091686902478624,0.0487928208805317,0.0725786422024783,Periodic Coupling
periodic_k_0.0_noise_0.3,0.0,0.3,50,Amortized,150,0,-0.0490376141866049,0.0039428130382667,0.0063212152231259,-0.0590863987127074,-0.0389888296605025,Periodic Coupling
periodic_k_0.0_noise_0.3,0.0,0.3,50,KSG,150,0,0.0599212359550605,0.0052764525454154,0.0088318307134947,0.0482965438162071,0.0715459280939139,Periodic Coupling
periodic_k_0.0_noise_0.3,0.0,0.3,100,Amortized,150,0,-0.0512594896952309,0.0020876246487863,0.0047012424349432,-0.0585714975593668,-0.043947481831095,Periodic Coupling
periodic_k_0.0_noise_0.3,0.0,0.3,100,KSG,150,0,0.0241822117954912,0.0030128613259092,0.0035775549510585,0.0153980563363276,0.0329663672546547,Periodic Coupling
periodic_k_0.0_noise_0.3,0.0,0.3,200,Amortized,150,0,-0.0445619932810466,0.000972366059559,0.002951654864342,-0.0495522781455956,-0.0395717084164976,Periodic Coupling
periodic_k_0.0_noise_0.3,0.0,0.3,200,KSG,150,0,0.0060704468143537,0.0015749883608093,0.0016013387629298,-0.0002806556027521,0.0124215492314595,Periodic Coupling
periodic_k_0.3_noise_0.1,0.3,0.1,10,Amortized,150,0,-0.0110758264668783,0.0124113525838121,0.0124512841651778,0.1070754603460605,0.1427328867201827,Periodic Coupling
periodic_k_0.3_noise_0.1,0.3,0.1,10,KSG,150,0,-0.1210585714285714,0.0021481804765033,0.0167890369896531,0.0075041289196976,0.0223387282231594,Periodic Coupling
periodic_k_0.3_noise_0.1,0.3,0.1,20,Amortized,150,0,-0.0178651760228474,0.0068752720810279,0.0071486014481483,0.1048452986838406,0.1313843492704645,Periodic Coupling
periodic_k_0.3_noise_0.1,0.3,0.1,20,KSG,150,0,-0.1265719682169682,0.0044539151343247,0.0204446855050797,-0.0012722180205455,0.020088281586609,Periodic Coupling
periodic_k_0.3_noise_0.1,0.3,0.1,30,Amortized,150,0,-0.0300068573760985,0.0041332847616097,0.0050061410194551,0.0956844994544646,0.1162617857933382,Periodic Coupling
periodic_k_0.3_noise_0.1,0.3,0.1,30,KSG,150,0,-0.1305983793884516,0.0052587178325011,0.0222795964125077,-0.0062235191765904,0.0169867603996872,Periodic Coupling
periodic_k_0.3_noise_0.1,0.3,0.1,50,Amortized,150,0,-0.0390295656331378,0.0027130554047098,0.0042182753621898,0.0886147785667333,0.1052860901669909,Periodic Coupling
periodic_k_0.3_noise_0.1,0.3,0.1,50,KSG,150,0,-0.1351991883980157,0.0037135083297087,0.0219675721509928,-0.0089713893801562,0.0105330125841246,Periodic Coupling
periodic_k_0.3_noise_0.1,0.3,0.1,100,Amortized,150,0,-0.033581432800293,0.0011987052866265,0.0023184265469696,0.0968578414776229,0.1079392929217909,Periodic Coupling
periodic_k_0.3_noise_0.1,0.3,0.1,100,KSG,150,0,-0.0907249325227357,0.0018887033631329,0.0101071253886336,0.0383001445973604,0.0522099903571681,Periodic Coupling
periodic_k_0.3_noise_0.1,0.3,0.1,200,Amortized,150,0,-0.0405382739512124,0.0005936932127046,0.0022330869128968,0.0915423826460027,0.0993410694515723,Periodic Coupling
periodic_k_0.3_noise_0.1,0.3,0.1,200,KSG,150,0,-0.0521540459119629,0.0017000230579975,0.0044087340759313,0.0772275661133857,0.0904243420626883,Periodic Coupling
periodic_k_0.3_noise_0.3,0.3,0.3,10,Amortized,150,0,-0.0020539967803955,0.0232685432435875,0.0231176385247374,0.0092874710097975,0.0581105354294112,Periodic Coupling
periodic_k_0.3_noise_0.3,0.3,0.3,10,KSG,150,0,0.0229853597883597,0.0046535162039503,0.0051508195271909,0.0478214164282748,0.0696553031484447,Periodic Coupling
periodic_k_0.3_noise_0.3,0.3,0.3,20,Amortized,150,0,-0.0103701048482259,0.0206347324947199,0.0206047066859849,0.0023944359672591,0.0483713543362889,Periodic Coupling
periodic_k_0.3_noise_0.3,0.3,0.3,20,KSG,150,0,0.0390110019222836,0.0085547352696549,0.0100195619721709,0.059962229278012,0.0895657745665553,Periodic Coupling
periodic_k_0.3_noise_0.3,0.3,0.3,30,Amortized,150,0,-0.0105100234934488,0.0110572119986222,0.0110939578457975,0.0084149471876029,0.0420710058254993,Periodic Coupling
periodic_k_0.3_noise_0.3,0.3,0.3,30,KSG,150,0,0.0406231781078459,0.0090551954689696,0.0106450700987582,0.0611475999484348,0.091604756267257,Periodic Coupling
periodic_k_0.3_noise_0.3,0.3,0.3,50,Amortized,150,0,-0.0187162638295492,0.0079433278463231,0.0082406708590849,0.0027737097841527,0.0312997625567487,Periodic Coupling
periodic_k_0.3_noise_0.3,0.3,0.3,50,KSG,150,0,0.0294991334282192,0.0069499892340241,0.0077738548454798,0.0519106995618946,0.0785935672945439,Periodic Coupling
periodic_k_0.3_noise_0.3,0.3,0.3,100,Amortized,150,0,-0.0204351517944335,0.0046786321360224,0.0050650366839771,0.0043714840561502,0.0262642123549826,Periodic Coupling
periodic_k_0.3_noise_0.3,0.3,0.3,100,KSG,150,0,0.0070378027981738,0.0034431888875462,0.0034697649631885,0.0334002563354105,0.0521813492609372,Periodic Coupling
periodic_k_0.3_noise_0.3,0.3,0.3,200,Amortized,150,0,-0.0269906766204832,0.0021006288228648,0.0028151212551439,0.0014275769917549,0.0160970697672784,Periodic Coupling
periodic_k_0.3_noise_0.3,0.3,0.3,200,KSG,150,0,-0.0027636506085355,0.0019637602956602,0.0019583063250419,0.0258975787842472,0.0400811199986816,Periodic Coupling
periodic_k_0.6_noise_0.1,0.6,0.1,10,Amortized,150,0,-0.0343876802978515,0.007188876535836,0.008323463248531,0.201349534912525,0.228487104491772,Periodic Coupling
periodic_k_0.6_noise_0.1,0.6,0.1,10,KSG,150,0,-0.2316298095238095,0.001883821691938,0.0555236315406947,0.0107302614950058,0.024622119457375,Periodic Coupling
periodic_k_0.6_noise_0.1,0.6,0.1,20,Amortized,150,0,-0.0651496943689982,0.0038442355508249,0.0080630899901933,0.1742339351843631,0.1940786760776403,Periodic Coupling
periodic_k_0.6_noise_0.1,0.6,0.1,20,KSG,150,0,-0.2347946123136123,0.0019084456430526,0.0570242326435984,0.0075202100162327,0.0215025653565426,Periodic Coupling
periodic_k_0.6_noise_0.1,0.6,0.1,30,Amortized,150,0,-0.0533521794535319,0.0026876452354999,0.0055161826530385,0.187657291980577,0.2042503491123589,Periodic Coupling
periodic_k_0.6_noise_0.1,0.6,0.1,30,KSG,150,0,-0.2266347820567232,0.0026148557958586,0.0539607478617846,0.0144878078857802,0.0308546280007733,Periodic Coupling
periodic_k_0.6_noise_0.1,0.6,0.1,50,Amortized,150,0,-0.0596228087005614,0.0011401542042065,0.0046874324935222,0.1842794787541107,0.1950869038447663,Periodic Coupling
periodic_k_0.6_noise_0.1,0.6,0.1,50,KSG,150,0,-0.239713475958475,0.0022126561542557,0.0596604556693217,0.0020647355738146,0.0171203125092352,Periodic Coupling
periodic_k_0.6_noise_0.1,0.6,0.1,100,Amortized,150,0,-0.0623454706726076,0.0008130008959359,0.004694538603352,0.1823974716962071,0.1915235869585776,Periodic Coupling
periodic_k_0.6_noise_0.1,0.6,0.1,100,KSG,150,0,-0.1743226950793025,0.0009876892167229,0.0313695066416562,0.0699538537279973,0.0800127561133976,Periodic Coupling
periodic_k_0.6_noise_0.1,0.6,0.1,200,Amortized,150,0,-0.0615687474466959,0.0003566803139191,0.0041450131073147,0.1847148659753915,0.1907596391312165,Periodic Coupling
periodic_k_0.6_noise_0.1,0.6,0.1,200,KSG,150,0,-0.1035742143853907,0.0011043166974355,0.0118245724716702,0.1404136762858668,0.1510498949433517,Periodic Coupling
periodic_k_0.6_noise_0.3,0.6,0.3,10,Amortized,150,0,-0.0244500658213297,0.0256929955194056,0.0261195146012769,0.0586751361146814,0.1099787322426589,Periodic Coupling
periodic_k_0.6_noise_0.3,0.6,0.3,10,KSG,150,0,-0.0434148306878307,0.0049305707381676,0.0067825477902328,0.0541249452932386,0.0765993933311,Periodic Coupling
periodic_k_0.6_noise_0.3,0.6,0.3,20,Amortized,150,0,0.0027762442728676,0.0154554270285162,0.0153600983805888,0.0916579234707714,0.1314485650749637,Periodic Coupling
periodic_k_0.6_noise_0.3,0.6,0.3,20,KSG,150,0,-0.0064133448714454,0.0065006409207616,0.0064984343070633,0.0894607195036155,0.1152665907534935,Periodic Coupling
periodic_k_0.6_noise_0.3,0.6,0.3,30,Amortized,150,0,-0.0216993759969075,0.0115291719857609,0.0119231737578443,0.0698942081415707,0.1042610398646141,Periodic Coupling
periodic_k_0.6_noise_0.3,0.6,0.3,30,KSG,150,0,0.0022730458099539,0.0078563992484873,0.0078091899907515,0.0968652785452696,0.1252348130746382,Periodic Coupling
periodic_k_0.6_noise_0.3,0.6,0.3,50,Amortized,150,0,-0.0235903443196612,0.0062128285400286,0.0067279140282153,0.0725725888977412,0.0978007224629361,Periodic Coupling
periodic_k_0.6_noise_0.3,0.6,0.3,50,KSG,150,0,-0.0136470915719986,0.0045477873220612,0.0047037118482886,0.0843376952547822,0.1059221216012203,Periodic Coupling
periodic_k_0.6_noise_0.3,0.6,0.3,100,Amortized,150,0,-0.0236705635884602,0.0030577692790595,0.0035976797311278,0.0762570573514266,0.0939558154716528,Periodic Coupling
periodic_k_0.6_noise_0.3,0.6,0.3,100,KSG,150,0,-0.0069215533037712,0.0035925472257496,0.0036165048110482,0.0922633911562033,0.1114475022362541,Periodic Coupling
periodic_k_0.6_noise_0.3,0.6,0.3,200,Amortized,150,0,-0.0212868972320556,0.0019252515931093,0.0023655485762566,0.0804682100885742,0.0945119954473144,Periodic Coupling
periodic_k_0.6_noise_0.3,0.6,0.3,200,KSG,150,0,-0.0066873483001918,0.0026972262327957,0.0027239653518651,0.0937783484342112,0.1104009549654049,Periodic Coupling
periodic_k_0.9_noise_0.1,0.9,0.1,10,Amortized,150,0,-0.1215437852986653,0.0080526772538393,0.0227718844835418,0.2282253500712948,0.2569470793313744,Periodic Coupling
periodic_k_0.9_noise_0.1,0.9,0.1,10,KSG,150,0,-0.3429942857142857,0.0009711991015521,0.1186098044735282,0.016148424795739,0.0261230037756895,Periodic Coupling
periodic_k_0.9_noise_0.1,0.9,0.1,20,Amortized,150,0,-0.1403450141398111,0.0029953765960547,0.0226721304126515,0.2150263563131254,0.2325436154072523,Periodic Coupling
periodic_k_0.9_noise_0.1,0.9,0.1,20,KSG,150,0,-0.3395157263107263,0.0018562168129432,0.1171147704464903,0.0177194241581126,0.0315091232204347,Periodic Coupling
periodic_k_0.9_noise_0.1,0.9,0.1,30,Amortized,150,0,-0.1430604498036702,0.0021440663042228,0.0225960648268897,0.213659356715139,0.2284797436775206,Periodic Coupling
periodic_k_0.9_noise_0.1,0.9,0.1,30,KSG,150,0,-0.3337995605774037,0.0018801301914596,0.113289742631851,0.0233913193325987,0.0372695595125939,Periodic Coupling
periodic_k_0.9_noise_0.1,0.9,0.1,50,Amortized,150,0,-0.1437062373606363,0.0012917952504566,0.0219346659384718,0.2146719161913934,0.2261756090873339,Periodic Coupling
periodic_k_0.9_noise_0.1,0.9,0.1,50,KSG,150,0,-0.3387927925036546,0.0018623413070652,0.1166304819507758,0.018430992727399,0.0322434222652916,Periodic Coupling
periodic_k_0.9_noise_0.1,0.9,0.1,100,Amortized,150,0,-0.1472069958496093,0.0004641312274326,0.0221309366463166,0.2134752932931161,0.2203707150076652,Periodic Coupling
periodic_k_0.9_noise_0.1,0.9,0.1,100,KSG,150,0,-0.2794670859504176,0.0008758299661083,0.0789718432292857,0.0799268197390054,0.0893990083601594,Periodic Coupling
periodic_k_0.9_noise_0.1,0.9,0.1,200,Amortized,150,0,-0.1468822589365641,0.0002995723449676,0.021871973186309,0.2144778588512259,0.2200176232756459,Periodic Coupling
periodic_k_0.9_noise_0.1,0.9,0.1,200,KSG,150,0,-0.180668308248529,0.0007358409931435,0.033371972991908,0.179120565354432,0.1878028181485097,Periodic Coupling
periodic_k_0.9_noise_0.3,0.9,0.3,10,Amortized,150,0,-0.0373230770365395,0.0288710553253002,0.030071593702607,0.1325198841606939,0.1869039617662268,Periodic Coupling
periodic_k_0.9_noise_0.3,0.9,0.3,10,KSG,150,0,-0.111014365079365,0.0061160143190261,0.0183994301442071,0.0735052362432799,0.0985360335979898,Periodic Coupling
periodic_k_0.9_noise_0.3,0.9,0.3,20,Amortized,150,0,-0.0295737585957844,0.0150146658403594,0.015789175265572,0.1478516620627602,0.1870708207456709,Periodic Coupling
periodic_k_0.9_noise_0.3,0.9,0.3,20,KSG,150,0,-0.0736835838779955,0.0049029043418898,0.0102994888460495,0.1121457635841691,0.1345570686598396,Periodic Coupling
periodic_k_0.9_noise_0.3,0.9,0.3,30,Amortized,150,0,-0.0435729664103189,0.0100504537955611,0.0118820541720522,0.1374183799532162,0.1695056872261459,Periodic Coupling
periodic_k_0.9_noise_0.3,0.9,0.3,30,KSG,150,0,-0.0543992066796061,0.0054107141071711,0.0083339163671605,0.1308641326292512,0.1544074540115363,Periodic Coupling
periodic_k_0.9_noise_0.3,0.9,0.3,50,Amortized,150,0,-0.0346727798716224,0.0075723053305988,0.0087240249590875,0.1484362807446163,0.1762881595121386,Periodic Coupling
periodic_k_0.9_noise_0.3,0.9,0.3,50,KSG,150,0,-0.0334482125636447,0.0057705565105244,0.0068508690574903,0.1514299869003505,0.1757435879723599,Periodic Coupling
periodic_k_0.9_noise_0.3,0.9,0.3,100,Amortized,150,0,-0.0343241540527345,0.0043015507231188,0.0054510212697338,0.1522148666351881,0.1732068252593428,Periodic Coupling
periodic_k_0.9_noise_0.3,0.9,0.3,100,KSG,150,0,-0.0208850800125062,0.0048738791455305,0.0052775731850224,0.1649774854197819,0.1873223545552055,Periodic Coupling
periodic_k_0.9_noise_0.3,0.9,0.3,200,Amortized,150,0,-0.0418243702189126,0.0018228084235975,0.0035599343116489,0.1483781090944044,0.1620431504677702,Periodic Coupling
periodic_k_0.9_noise_0.3,0.9,0.3,200,KSG,150,0,-0.0131784558977934,0.0030365593734651,0.0031899873441588,0.1750379098583251,0.192675178346088,Periodic Coupling
periodic_k_0.0_noise_0.1,0.0,0.1,10,Fourier_classical,150,0,-0.5515752197901407,0.08332560322146526,0.387005322286531,-0.5977707201002778,-0.5053797194800036,Periodic Coupling
periodic_k_0.0_noise_0.1,0.0,0.1,20,Fourier_classical,150,0,-0.6044868219693501,0.11040911089560915,0.47507736809091,-0.6576624830946288,-0.5513111608440714,Periodic Coupling
periodic_k_0.0_noise_0.1,0.0,0.1,30,Fourier_classical,150,0,-0.6339507897694904,0.11091809731412355,0.5120722471813902,-0.6872488799567843,-0.5806526995821965,Periodic Coupling
periodic_k_0.0_noise_0.1,0.0,0.1,50,Fourier_classical,150,0,-0.6300222806930541,0.10298208895397366,0.499223615863958,-0.6813782925401323,-0.5786662688459759,Periodic Coupling
periodic_k_0.0_noise_0.1,0.0,0.1,100,Fourier_classical,150,0,-0.6632211621602376,0.07943286683418888,0.5187656243258039,-0.7083246950026674,-0.6181176293178079,Periodic Coupling
periodic_k_0.0_noise_0.1,0.0,0.1,200,Fourier_classical,150,0,-0.6833963734308879,0.06002119283155242,0.5266516547644983,-0.7226032958113121,-0.6441894510504637,Periodic Coupling
periodic_k_0.0_noise_0.3,0.0,0.3,10,Fourier_classical,150,0,-0.38076313575108844,0.12217603530747834,0.26634209395243036,-0.4367006876720898,-0.3248255838300871,Periodic Coupling
periodic_k_0.0_noise_0.3,0.0,0.3,20,Fourier_classical,150,0,-0.5699396664301554,0.11982664625903466,0.44385902532115795,-0.6253367809319479,-0.5145425519283628,Periodic Coupling
periodic_k_0.0_noise_0.3,0.0,0.3,30,Fourier_classical,150,0,-0.5434165418942769,0.08012549172645157,0.37489285978594306,-0.5887162909014062,-0.4981167928871476,Periodic Coupling
periodic_k_0.0_noise_0.3,0.0,0.3,50,Fourier_classical,150,0,-0.550684220314026,0.04802240301364551,0.3509553641630878,-0.585753947374766,-0.5156144932532859,Periodic Coupling
periodic_k_0.0_noise_0.3,0.0,0.3,100,Fourier_classical,150,0,-0.5622717539469401,0.025391690533716132,0.34137193788339304,-0.5877726975052118,-0.5367708103886684,Periodic Coupling
periodic_k_0.0_noise_0.3,0.0,0.3,200,Fourier_classical,150,0,-0.5747808904647828,0.016380414394517772,0.34664428367537625,-0.5952629150941954,-0.5542988658353701,Periodic Coupling
periodic_k_0.3_noise_0.1,0.3,0.1,10,Fourier_classical,150,0,-0.28868692300796506,0.014378333942706696,0.0976226178988954,-0.17189647010602552,-0.13351737590990462,Periodic Coupling
periodic_k_0.3_noise_0.1,0.3,0.1,20,Fourier_classical,150,0,-0.3185896906661987,0.005528361000885841,0.10699089625966413,-0.19450864065376852,-0.17071074067862893,Periodic Coupling
periodic_k_0.3_noise_0.1,0.3,0.1,30,Fourier_classical,150,0,-0.30704543159484865,0.003908572127319364,0.09815941204307076,-0.18107048721165558,-0.16106037597804168,Periodic Coupling
periodic_k_0.3_noise_0.1,0.3,0.1,50,Fourier_classical,150,0,-0.30346351351420087,0.0016442731990092252,0.09372341541206604,-0.17397280722066527,-0.16099421980773643,Periodic Coupling
periodic_k_0.3_noise_0.1,0.3,0.1,100,Fourier_classical,150,0,-0.3181462076314291,0.0007689239090026104,0.10198080717986961,-0.18660384821235676,-0.17772856705050138,Periodic Coupling
periodic_k_0.3_noise_0.1,0.3,0.1,200,Fourier_classical,150,0,-0.3090393862533569,0.0003241876280381938,0.0958273686330361,-0.17594082014625528,-0.17017795236045852,Periodic Coupling
periodic_k_0.3_noise_0.3,0.3,0.3,10,Fourier_classical,150,0,-0.13496326833852135,0.03311186853389634,0.05110620654428608,-0.12833100026153638,-0.07008953641550629,Periodic Coupling
periodic_k_0.3_noise_0.3,0.3,0.3,20,Fourier_classical,150,0,-0.19274065039443972,0.029490089660601418,0.0664424473773357,-0.1844696600783725,-0.1295056407105069,Periodic Coupling
periodic_k_0.3_noise_0.3,0.3,0.3,30,Fourier_classical,150,0,-0.18353410154469807,0.01441968580022179,0.04800832099137319,-0.16699822324560704,-0.1285639798437891,Periodic Coupling
periodic_k_0.3_noise_0.3,0.3,0.3,50,Fourier_classical,150,0,-0.20939055130767822,0.010130360686703409,0.053907227925725464,-0.18974485681667833,-0.1575302457986781,Periodic Coupling
periodic_k_0.3_noise_0.3,0.3,0.3,100,Fourier_classical,150,0,-0.21184698174285888,0.004617623372351095,0.04946598289009461,-0.18696874210718384,-0.1652192213785339,Periodic Coupling
periodic_k_0.3_noise_0.3,0.3,0.3,200,Fourier_classical,150,0,-0.21072021299489346,0.00192350926274737,0.046313694032275636,-0.18198592758935223,-0.1679484984004347,Periodic Coupling
periodic_k_0.6_noise_0.1,0.6,0.1,10,Fourier_classical,150,0,-0.40741553299204514,0.018028195276628967,0.18389542383131033,-0.1795970665832072,-0.13662199940088302,Periodic Coupling
periodic_k_0.6_noise_0.1,0.6,0.1,20,Fourier_classical,150,0,-0.4208863194046021,0.004125309873358965,0.18124310166948931,-0.18185903216755572,-0.1613016066416485,Periodic Coupling
periodic_k_0.6_noise_0.1,0.6,0.1,30,Fourier_classical,150,0,-0.41241114561335246,0.003912097547852376,0.17396896992365118,-0.17311471235050604,-0.15309557887619887,Periodic Coupling
periodic_k_0.6_noise_0.1,0.6,0.1,50,Fourier_classical,150,0,-0.4042157820917765,0.0018085561910935455,0.16518689764188618,-0.16171553919573142,-0.14810402498782158,Periodic Coupling
periodic_k_0.6_noise_0.1,0.6,0.1,100,Fourier_classical,150,0,-0.4189664773203532,0.0007455003027482185,0.17627343941895593,-0.17403000358227033,-0.165290951058436,Periodic Coupling
periodic_k_0.6_noise_0.1,0.6,0.1,200,Fourier_classical,150,0,-0.41194605025227865,0.0003246279651052518,0.17002201209712411,-0.16552344037589858,-0.15975666012865872,Periodic Coupling
periodic_k_0.6_noise_0.3,0.6,0.3,10,Fourier_classical,150,0,-0.17022596396001174,0.03757648943722282,0.06630285831375655,-0.09247087469227055,-0.03042705322775293,Periodic Coupling
periodic_k_0.6_noise_0.3,0.6,0.3,20,Fourier_classical,150,0,-0.1916768185793559,0.014485352388284876,0.051128786153066305,-0.10216064752220173,-0.06363898963651006,Periodic Coupling
periodic_k_0.6_noise_0.3,0.6,0.3,30,Fourier_classical,150,0,-0.1982014292577108,0.009048524316178638,0.0482720073805368,-0.104647396776788,-0.07420146173863362,Periodic Coupling
periodic_k_0.6_noise_0.3,0.6,0.3,50,Fourier_classical,150,0,-0.20223308011881508,0.00692711863994376,0.04777915654335388,-0.10677554431404652,-0.0801366159235836,Periodic Coupling
periodic_k_0.6_noise_0.3,0.6,0.3,100,Fourier_classical,150,0,-0.20430305565388995,0.0033524574214769854,0.04506984625485026,-0.10479205098820996,-0.08626006031956995,Periodic Coupling
periodic_k_0.6_noise_0.3,0.6,0.3,200,Fourier_classical,150,0,-0.215044689704895,0.001409802380414319,0.0476446222681528,-0.11227651478394866,-0.10025886462584134,Periodic Coupling
periodic_k_0.9_noise_0.1,0.9,0.1,10,Fourier_classical,150,0,-0.4905643606630961,0.014269473790001952,0.2548277359175275,-0.14555112651782365,-0.10731759480836857,Periodic Coupling
periodic_k_0.9_noise_0.1,0.9,0.1,20,Fourier_classical,150,0,-0.5280807301648458,0.0047771256239467685,0.28361453569122386,-0.17501171438776614,-0.15288974594192545,Periodic Coupling
periodic_k_0.9_noise_0.1,0.9,0.1,30,Fourier_classical,150,0,-0.5192897196261088,0.0035496231926311944,0.27318777194737637,-0.16469429965769627,-0.14562513959452134,Periodic Coupling
periodic_k_0.9_noise_0.1,0.9,0.1,50,Fourier_classical,150,0,-0.5115620007960001,0.0017591479568097902,0.2634431009621713,-0.15414415037264123,-0.14071985121935904,Periodic Coupling
periodic_k_0.9_noise_0.1,0.9,0.1,100,Fourier_classical,150,0,-0.5265426253128052,0.0007388690740231503,0.2779810795514976,-0.16676267468782563,-0.15806257593778478,Periodic Coupling
periodic_k_0.9_noise_0.1,0.9,0.1,200,Fourier_classical,150,0,-0.5198381381479898,0.0002895965279873902,0.2705193557576361,-0.15843151108354406,-0.15298476521243567,Periodic Coupling
periodic_k_0.9_noise_0.3,0.9,0.3,10,Fourier_classical,150,0,-0.2308316836293538,0.029323172231020694,0.0824109505833093,-0.061200807217199615,-0.0063925600415079935,Periodic Coupling
periodic_k_0.9_noise_0.3,0.9,0.3,20,Fourier_classical,150,0,-0.22620769388834638,0.012662375362171635,0.06374788030070763,-0.0471807996912561,-0.011164588085436678,Periodic Coupling
periodic_k_0.9_noise_0.3,0.9,0.3,30,Fourier_classical,150,0,-0.2340648018455505,0.009983926830878405,0.06470369878166937,-0.05302026844568501,-0.02103933524541604,Periodic Coupling
periodic_k_0.9_noise_0.3,0.9,0.3,50,Fourier_classical,150,0,-0.24641436496734614,0.004905122080160507,0.06559246052855325,-0.06058755155368997,-0.038171178381002355,Periodic Coupling
periodic_k_0.9_noise_0.3,0.9,0.3,100,Fourier_classical,150,0,-0.24946104382832848,0.002668355263524067,0.06488137861635311,-0.06069274554076255,-0.04415934211589442,Periodic Coupling
periodic_k_0.9_noise_0.3,0.9,0.3,200,Fourier_classical,150,0,-0.25447591383616125,0.0011933276707884488,0.06594336287573256,-0.0629691972225908,-0.05191263044973175,Periodic Coupling
