dataset,estimator,n_samples,bias,variance,mse
linear,Amortized,10,-0.06513322284578828,0.01167950946375498,0.018054269778195586
linear,Amortized,20,-0.05631117981433421,0.00638616776183454,0.011220533690158541
linear,Amortized,30,-0.05294561450043865,0.004208118731546194,0.00858192750459592
linear,Amortized,50,-0.04949838332493651,0.0025929811449347134,0.00652683028549742
linear,Amortized,100,-0.04522796413063556,0.0013471146134858866,0.004822506205892594
linear,Amortized,200,-0.04432110185582986,0.0006733995003060732,0.0039174207304114
linear,Binning,10,0.33051852158692996,0.023338673029916254,0.14329562213531308
linear,Binning,20,0.5940655191262404,0.016416744227833447,0.38100144089771376
linear,Binning,30,0.6965002681837194,0.015013591662078146,0.5123292877649831
linear,Binning,50,0.7197207319141669,0.014068850604408613,0.5438480423651626
linear,Binning,100,0.563984433670471,0.009252290070011267,0.33642019888561975
linear,Binning,200,0.3460001196622937,0.004235327668047433,0.12890172609669068
linear,Hybrid,10,-0.07813781005844427,0.0037233303921740332,0.016995468106163127
linear,Hybrid,20,-0.055535769731568235,0.005345249926984153,0.012027091186389394
linear,Hybrid,30,-0.04217800645560824,0.00527127585936568,0.009168542641093387
linear,Hybrid,50,-0.04949838332493651,0.0025929811449347134,0.00652683028549742
linear,Hybrid,100,-0.04522796413063556,0.0013471146134858866,0.004822506205892594
linear,Hybrid,200,-0.04432110185582986,0.0006733995003060732,0.0039174207304114
linear,KSG,10,-0.07813781005844427,0.0037233303921740332,0.016995468106163127
linear,KSG,20,-0.055535769731568235,0.005345249926984153,0.012027091186389394
linear,KSG,30,-0.04217800645560824,0.00527127585936568,0.009168542641093387
linear,KSG,50,-0.03019653878503496,0.004429711022020393,0.006445428218041253
linear,KSG,100,-0.01641740720632521,0.0028700383164962,0.003490279573568287
linear,KSG,200,-0.008079203898720834,0.0017503964507048198,0.0018623942040053667
linear,Symbolic,10,0.2155810320352184,0.021976908147371396,0.0793916150760605
linear,Symbolic,20,0.3863912640401017,0.01666097937648447,0.1759205372994277
linear,Symbolic,30,0.4248104412518913,0.012506500341097427,0.20335648197654912
linear,Symbolic,50,0.3884326967034888,0.00708633586342598,0.16750218981043705
linear,Symbolic,100,0.24762399656966563,0.00255903214180232,0.07073682298941857
linear,Symbolic,200,0.10769872549217795,0.0010229385452059933,0.01696311005554892
periodic,Amortized,10,-0.04632591752878821,0.017569791062843062,0.020952487229111687
periodic,Amortized,20,-0.050274921066284214,0.011050374199209526,0.015506148696894238
periodic,Amortized,30,-0.0549944421119689,0.0071677683412356375,0.011773148651037424
periodic,Amortized,50,-0.05669998054377229,0.004547995760832925,0.009205992110184975
periodic,Amortized,100,-0.05606432927322386,0.0025696577282805,0.00720219269855255
periodic,Amortized,200,-0.05725406508318575,0.0012274644240576,0.005901458681217787
periodic,Binning,10,0.10524107518791664,0.022894021929554212,0.06120966239208088
periodic,Binning,20,0.2380329911839778,0.016038844339743837,0.10716693994170591
periodic,Binning,30,0.27665002417769907,0.012430025449335988,0.12752868889004398
periodic,Binning,50,0.32434328177206023,0.008018663561856,0.1596808721530587
periodic,Binning,100,0.307808976764029,0.004553208060183075,0.15264193044458133
periodic,Binning,200,0.23190512033315697,0.0022491036560687377,0.10323167560822166
periodic,Hybrid,10,-0.09300962896825397,0.0038683791445802626,0.029384407287286765
periodic,Hybrid,20,-0.07043480803629776,0.005409920455505575,0.031648060860749075
periodic,Hybrid,30,-0.061596205925839975,0.006363211177012513,0.032616263815016484
periodic,Hybrid,50,-0.05669998054377229,0.004547995760832925,0.009205992110184975
periodic,Hybrid,100,-0.05606432927322386,0.0025696577282805,0.00720219269855255
periodic,Hybrid,200,-0.05725406508318575,0.0012274644240576,0.005901458681217787
periodic,KSG,10,-0.09300962896825397,0.0038683791445802626,0.029384407287286765
periodic,KSG,20,-0.07043480803629776,0.005409920455505575,0.031648060860749075
periodic,KSG,30,-0.061596205925839975,0.006363211177012513,0.032616263815016484
periodic,KSG,50,-0.05455827696084422,0.006908283026286013,0.03829627490940486
periodic,KSG,100,-0.03805991283903962,0.006209460812359775,0.02789677152041826
periodic,KSG,200,-0.022926364189007176,0.004528131755674913,0.01388506585724595
periodic,Symbolic,10,-0.009064340962303236,0.0164398146860923,0.04911716820953865
periodic,Symbolic,20,0.07846296441293601,0.011941953198837101,0.06995503139069242
periodic,Symbolic,30,0.09771370099691865,0.009148402686692175,0.0739605568086227
periodic,Symbolic,50,0.08915351295860365,0.005573310154634975,0.06504534723397341
periodic,Symbolic,100,0.058171198731673056,0.0021048285531952,0.045480096780104104
periodic,Symbolic,200,0.012517671279047312,0.000993289167506225,0.028207922728943575
